"Status","Start Time","Stop Time","Duration in ms","Parent Suite","Suite","Sub Suite","Test Class","Test Method","Name","Description"
"passed","Fri Mar 28 07:13:15 UTC 2025","Fri Mar 28 07:13:32 UTC 2025","17326","","u-flow-upload-to-attsto","","","","Upload files",""
"skipped","Fri Mar 28 07:03:27 UTC 2025","Fri Mar 28 07:03:27 UTC 2025","2","","u-flow-log-levels","","","","Create Session log for level 512 LOG_DBUG",""
"passed","Fri Mar 28 07:14:37 UTC 2025","Fri Mar 28 07:14:37 UTC 2025","754","","u-flow-upload-to-attsto","","","","Log out",""
"passed","Fri Mar 28 07:18:08 UTC 2025","Fri Mar 28 07:18:08 UTC 2025","203","","w-flow-hp-count-001","","","","15-Locking function GESSKH",""
"passed","Fri Mar 28 06:06:08 UTC 2025","Fri Mar 28 06:06:19 UTC 2025","11107","","u-crud-attach-file-not-secure","","","","Attach files to table",""
"passed","Fri Mar 28 06:43:20 UTC 2025","Fri Mar 28 06:43:34 UTC 2025","14364","","u-flow-api-gesapiope","","","","Create package ""TEST_GESAPIOPE_1""",""
"passed","Fri Mar 28 07:04:25 UTC 2025","Fri Mar 28 07:04:44 UTC 2025","18515","","u-flow-patch-a-folder","","","","Change table ZABANK",""
"passed","Fri Mar 28 06:05:29 UTC 2025","Fri Mar 28 06:05:47 UTC 2025","17930","","u-crud-attach-file-not-secure","","","","Set ATTSECUR to No",""
"passed","Fri Mar 28 06:29:58 UTC 2025","Fri Mar 28 06:30:00 UTC 2025","2707","","u-flow-api-activity-codes-package-link","","","","Create Activity codes",""
"passed","Fri Mar 28 06:45:16 UTC 2025","Fri Mar 28 06:45:44 UTC 2025","28554","","u-flow-api-gesapiope","","","","Create operation ""TEST_OPE_GESAPIOPE_1""",""
"skipped","Fri Mar 28 06:55:31 UTC 2025","Fri Mar 28 06:55:31 UTC 2025","1","","u-flow-api-nodes-based-on-views","","","","Deactivate view ZAVVTEXTRA",""
"passed","Fri Mar 28 06:31:27 UTC 2025","Fri Mar 28 06:31:28 UTC 2025","902","","u-flow-api-activity-codes-package-link","","","","Log out",""
"passed","Fri Mar 28 06:42:51 UTC 2025","Fri Mar 28 06:43:01 UTC 2025","10001","","u-flow-api-gesapiope-class","","","","Delete-""GESACLA""-""ZACTIV""",""
"passed","Fri Mar 28 07:00:10 UTC 2025","Fri Mar 28 07:00:22 UTC 2025","11778","","u-flow-call-function","","","","Open function ""GESAFO""",""
"passed","Fri Mar 28 07:15:41 UTC 2025","Fri Mar 28 07:15:47 UTC 2025","5901","","w-flow-hp-count-001","","","","1-Login scenario",""
"passed","Fri Mar 28 06:49:07 UTC 2025","Fri Mar 28 06:50:07 UTC 2025","60741","","u-flow-api-gesawm-gesanodeb","","","","Check Node Binding record",""
"passed","Fri Mar 28 06:58:55 UTC 2025","Fri Mar 28 06:59:00 UTC 2025","5217","","u-flow-call-function","","","","Open function ""GESACV"" using leftlist selection",""
"passed","Fri Mar 28 06:50:19 UTC 2025","Fri Mar 28 06:50:25 UTC 2025","5511","","u-flow-api-gesawm-gesanodeb","","","","Delete Data model",""
"passed","Fri Mar 28 06:30:43 UTC 2025","Fri Mar 28 06:31:03 UTC 2025","19864","","u-flow-api-activity-codes-package-link","","","","Activity code for packages",""
"passed","Fri Mar 28 06:07:18 UTC 2025","Fri Mar 28 06:07:36 UTC 2025","17949","","u-crud-attach-file-secure","","","","Set ATTSECUR to Yes",""
"passed","Fri Mar 28 06:57:50 UTC 2025","Fri Mar 28 06:57:57 UTC 2025","6239","","u-flow-call-function","","","","Open function ""GESAGB"" using leftlist selection",""
"passed","Fri Mar 28 06:07:36 UTC 2025","Fri Mar 28 06:07:53 UTC 2025","16437","","u-crud-attach-file-secure","","","","Upload files",""
"passed","Fri Mar 28 06:50:25 UTC 2025","Fri Mar 28 06:50:31 UTC 2025","6727","","u-flow-api-gesawm-gesanodeb","","","","Check Node binding is automatically deleted too",""
"skipped","Fri Mar 28 07:03:27 UTC 2025","Fri Mar 28 07:03:27 UTC 2025","2","","u-flow-log-levels","","","","Create Session log for level 16 LOG_JSON",""
"passed","Fri Mar 28 07:08:45 UTC 2025","Fri Mar 28 07:08:47 UTC 2025","1957","","u-flow-patch-create-integration","","","","Log out",""
"passed","Fri Mar 28 06:02:17 UTC 2025","Fri Mar 28 06:02:23 UTC 2025","6031","","u-crud-activitycode","","","","Log in",""
"passed","Fri Mar 28 06:17:23 UTC 2025","Fri Mar 28 06:17:30 UTC 2025","6826","","u-crud-groups-of-tasks","","","","Create task group ZGROUPU",""
"skipped","Fri Mar 28 06:55:31 UTC 2025","Fri Mar 28 06:55:31 UTC 2025","1","","u-flow-api-nodes-based-on-views","","","","Create unique index for view ZAVVTEXTRA",""
"passed","Fri Mar 28 06:25:00 UTC 2025","Fri Mar 28 06:25:16 UTC 2025","15900","","u-crud-numeric-iso-isonumcod","","","","Execute GESTCU and create without zone euro",""
"passed","Fri Mar 28 06:04:07 UTC 2025","Fri Mar 28 06:04:19 UTC 2025","12387","","u-crud-areadlog-archive-refresh-batch","","","","Check Query for ALOG",""
"passed","Fri Mar 28 06:25:41 UTC 2025","Fri Mar 28 06:25:49 UTC 2025","7297","","u-crud-restwebserv-create","","","","Log in",""
"passed","Fri Mar 28 05:55:56 UTC 2025","Fri Mar 28 05:55:58 UTC 2025","1950","","upre-flow-qlf-clean-tables","","","","Log out",""
"passed","Fri Mar 28 06:00:46 UTC 2025","Fri Mar 28 06:00:56 UTC 2025","9733","","wpre-flow-initiating-site-depositor","","","","Login scenario 2",""
"passed","Fri Mar 28 06:55:34 UTC 2025","Fri Mar 28 06:55:40 UTC 2025","6025","","u-flow-call-function","","","","Log in",""
"passed","Fri Mar 28 07:08:21 UTC 2025","Fri Mar 28 07:08:27 UTC 2025","6073","","u-flow-patch-create-integration","","","","Log in as admin user",""
"passed","Fri Mar 28 06:10:40 UTC 2025","Fri Mar 28 06:10:55 UTC 2025","15116","","u-crud-gesatb","","","","Update the ZABANK record - Modify",""
"passed","Fri Mar 28 06:50:34 UTC 2025","Fri Mar 28 06:50:36 UTC 2025","2074","","u-flow-api-gesawm-gesanodeb","","","","Delete package ""test_node_bdg""",""
"passed","Fri Mar 28 06:07:12 UTC 2025","Fri Mar 28 06:07:18 UTC 2025","6121","","u-crud-attach-file-secure","","","","Login",""
"passed","Fri Mar 28 07:16:54 UTC 2025","Fri Mar 28 07:17:08 UTC 2025","14530","","w-flow-hp-count-001","","","","7-Count",""
"passed","Fri Mar 28 06:04:52 UTC 2025","Fri Mar 28 06:04:59 UTC 2025","7556","","u-crud-areadlog","","","","Click on a cell name and open details",""
"skipped","Fri Mar 28 07:06:58 UTC 2025","Fri Mar 28 07:06:58 UTC 2025","1","","u-flow-patch-a-view","","","","Delete Views duplicated",""
"passed","Fri Mar 28 07:12:19 UTC 2025","Fri Mar 28 07:12:19 UTC 2025","204","","u-flow-upload-file-non-classic-page","","","","Add lock LCK_ATT",""
"passed","Fri Mar 28 06:30:10 UTC 2025","Fri Mar 28 06:30:19 UTC 2025","9713","","u-flow-api-activity-codes-package-link","","","","Create Activity code ""ZAPIL""",""
"passed","Fri Mar 28 06:51:03 UTC 2025","Fri Mar 28 06:51:04 UTC 2025","1076","","u-flow-api-nodes-based-on-views","","","","Add tables to view",""
"passed","Fri Mar 28 07:00:49 UTC 2025","Fri Mar 28 07:00:54 UTC 2025","4168","","u-flow-call-function","","","","Open function ""GESANODEB""",""
"passed","Fri Mar 28 06:22:54 UTC 2025","Fri Mar 28 06:23:00 UTC 2025","6071","","u-crud-mail-server-workflow-mail-attachmend-send-new","","","","Log in",""
"passed","Fri Mar 28 07:12:46 UTC 2025","Fri Mar 28 07:12:47 UTC 2025","755","","u-flow-upload-file-non-classic-page","","","","Log out",""
"skipped","Fri Mar 28 07:06:58 UTC 2025","Fri Mar 28 07:06:58 UTC 2025","1","","u-flow-patch-a-view","","","","Integration patch from Server file",""
"passed","Fri Mar 28 07:01:21 UTC 2025","Fri Mar 28 07:01:27 UTC 2025","5859","","u-flow-change-language","","","","Login scenario",""
"passed","Fri Mar 28 06:58:38 UTC 2025","Fri Mar 28 06:58:44 UTC 2025","5988","","u-flow-call-function","","","","Open function ""GESATYP"" using leftlist selection",""
"passed","Fri Mar 28 06:31:37 UTC 2025","Fri Mar 28 06:31:41 UTC 2025","3861","","u-flow-api-data-model-link","","","","Create test packages",""
"skipped","Fri Mar 28 07:03:27 UTC 2025","Fri Mar 28 07:03:27 UTC 2025","1","","u-flow-log-levels","","","","Delete log for log level 2 LOG_TRT1",""
"passed","Fri Mar 28 05:58:51 UTC 2025","Fri Mar 28 05:59:07 UTC 2025","16393","","upre-flow-show-RT-version","","","","Open Calculator",""
"passed","Fri Mar 28 07:00:22 UTC 2025","Fri Mar 28 07:00:26 UTC 2025","4123","","u-flow-call-function","","","","Open function ""GESADM""",""
"passed","Fri Mar 28 07:12:09 UTC 2025","Fri Mar 28 07:12:10 UTC 2025","747","","u-flow-upload-file-classic-page","","","","Log out",""
"passed","Fri Mar 28 06:22:50 UTC 2025","Fri Mar 28 06:22:51 UTC 2025","759","","u-crud-mail-server-theme-send-new","","","","Log out",""
"passed","Fri Mar 28 06:09:34 UTC 2025","Fri Mar 28 06:09:55 UTC 2025","20772","","u-crud-country-eori","","","","Create with EORI checked",""
"passed","Fri Mar 28 07:04:08 UTC 2025","Fri Mar 28 07:04:25 UTC 2025","17481","","u-flow-patch-a-folder","","","","Create patch",""
"passed","Fri Mar 28 06:14:44 UTC 2025","Fri Mar 28 06:14:53 UTC 2025","9117","","u-crud-gestcy","","","","Create record by duplicating",""
"passed","Fri Mar 28 07:00:58 UTC 2025","Fri Mar 28 07:01:03 UTC 2025","5617","","u-flow-call-function","","","","Open function ""GESAENUMB""",""
"passed","Fri Mar 28 06:34:15 UTC 2025","Fri Mar 28 06:34:23 UTC 2025","8244","","u-flow-api-gesapack","","","","Create a record from scratch",""
"passed","Fri Mar 28 06:20:50 UTC 2025","Fri Mar 28 06:20:55 UTC 2025","5528","","u-crud-mail-server-theme-send-new","","","","Store X3 user name",""
"passed","Fri Mar 28 06:01:14 UTC 2025","Fri Mar 28 06:02:02 UTC 2025","47712","","wpre-flow-menu-item-import","","","","Menu profle import",""
"passed","Fri Mar 28 07:18:08 UTC 2025","Fri Mar 28 07:18:15 UTC 2025","6937","","w-flow-hp-count-001","","","","16-Complete Stock count",""
"passed","Fri Mar 28 07:14:12 UTC 2025","Fri Mar 28 07:14:24 UTC 2025","11872","","u-flow-upload-to-attsto","","","","Delete uploaded files on ATTSTO directory",""
"passed","Fri Mar 28 06:34:09 UTC 2025","Fri Mar 28 06:34:15 UTC 2025","5832","","u-flow-api-gesapack","","","","Login scenario",""
"passed","Fri Mar 28 06:35:46 UTC 2025","Fri Mar 28 06:35:49 UTC 2025","2421","","u-flow-api-gesapack","","","","Delete the record",""
"passed","Fri Mar 28 06:42:25 UTC 2025","Fri Mar 28 06:42:34 UTC 2025","9033","","u-flow-api-gesapiope-class","","","","Delete-""GESAPIOPE""-""CLASS_TEST_OPE2""",""
"passed","Fri Mar 28 05:59:08 UTC 2025","Fri Mar 28 05:59:09 UTC 2025","855","","upre-flow-show-RT-version","","","","Log out",""
"passed","Fri Mar 28 06:13:54 UTC 2025","Fri Mar 28 06:13:58 UTC 2025","3991","","u-crud-gesawi","","","","Fill table Tabs ""AWI3""",""
"passed","Fri Mar 28 07:02:06 UTC 2025","Fri Mar 28 07:02:14 UTC 2025","8515","","u-flow-gesaoe-add-insert-field","","","","Insert field Without Save",""
"passed","Fri Mar 28 06:09:55 UTC 2025","Fri Mar 28 06:10:06 UTC 2025","11131","","u-crud-country-eori","","","","Create EORI Not-checked",""
"passed","Fri Mar 28 06:08:43 UTC 2025","Fri Mar 28 06:08:53 UTC 2025","10061","","u-crud-attach-file-secure","","","","Delete uploaded files on ATT directory",""
"passed","Fri Mar 28 06:11:28 UTC 2025","Fri Mar 28 06:11:42 UTC 2025","14335","","u-crud-gesatb","","","","Validate a trigger by checking the audit checkbox on a table",""
"passed","Fri Mar 28 06:20:26 UTC 2025","Fri Mar 28 06:20:28 UTC 2025","2078","","u-crud-groups-of-tasks","","","","Delete the tasks ""ZUNITESTU4""",""
"passed","Fri Mar 28 06:01:06 UTC 2025","Fri Mar 28 06:01:14 UTC 2025","8101","","wpre-flow-menu-item-import","","","","Login scenario",""
"passed","Fri Mar 28 07:15:29 UTC 2025","Fri Mar 28 07:15:37 UTC 2025","8067","","w-crud-gescas","","","","Delete Assignment classes site",""
"passed","Fri Mar 28 06:05:12 UTC 2025","Fri Mar 28 06:05:19 UTC 2025","6798","","u-crud-areadlog","","","","Archive the log files",""
"passed","Fri Mar 28 07:12:56 UTC 2025","Fri Mar 28 07:13:15 UTC 2025","18456","","u-flow-upload-to-attsto","","","","Set ATTSECUR to No",""
"passed","Fri Mar 28 06:28:26 UTC 2025","Fri Mar 28 06:28:32 UTC 2025","6029","","u-crud-views","","","","Log in",""
"passed","Fri Mar 28 06:55:58 UTC 2025","Fri Mar 28 06:56:08 UTC 2025","9727","","u-flow-call-function","","","","Open function ""GESAMK"" and validate with confirm",""
"passed","Fri Mar 28 05:55:29 UTC 2025","Fri Mar 28 05:55:56 UTC 2025","27231","","upre-flow-qlf-clean-tables","","","","Execute QLF script to clean tables",""
"passed","Fri Mar 28 06:48:09 UTC 2025","Fri Mar 28 06:48:18 UTC 2025","8731","","u-flow-api-gesapiope","","","","Delete ""GESASU"" ""APIOPE_TEST_GESAPIOPE_1""",""
"passed","Fri Mar 28 06:15:05 UTC 2025","Fri Mar 28 06:15:09 UTC 2025","4638","","u-crud-gestcy","","","","Delete the record",""
"skipped","Fri Mar 28 06:55:31 UTC 2025","Fri Mar 28 06:55:31 UTC 2025","1","","u-flow-api-nodes-based-on-views","","","","Revalidate node bindings for view ZAVVTEXTRA",""
"passed","Fri Mar 28 06:44:52 UTC 2025","Fri Mar 28 06:45:05 UTC 2025","12984","","u-flow-api-gesapiope","","","","Create subprog for operation ""APIOPE_TEST_GESAPIOPE_1""",""
"passed","Fri Mar 28 07:13:55 UTC 2025","Fri Mar 28 07:13:58 UTC 2025","3290","","u-flow-upload-to-attsto","","","","Delete attached file ""[ATTSTO]/AASoapAndREST.txt"" from table",""
"passed","Fri Mar 28 06:09:01 UTC 2025","Fri Mar 28 06:09:06 UTC 2025","4501","","u-crud-attach-file-secure","","","","Delete file ""AASoapAndREST.txt""",""
"passed","Fri Mar 28 07:17:31 UTC 2025","Fri Mar 28 07:18:02 UTC 2025","30526","","w-flow-hp-count-001","","","","11-Verify that the product ""C150221"" is being inventoried",""
"passed","Fri Mar 28 06:25:37 UTC 2025","Fri Mar 28 06:25:38 UTC 2025","756","","u-crud-numeric-iso-isonumcod","","","","Log out",""
"passed","Fri Mar 28 06:12:37 UTC 2025","Fri Mar 28 06:12:48 UTC 2025","11104","","u-crud-gesaus","","","","Create record by duplicating",""
"passed","Fri Mar 28 06:28:32 UTC 2025","Fri Mar 28 06:28:33 UTC 2025","203","","u-crud-views","","","","Add lock LCK_GESAVW",""
"skipped","Fri Mar 28 06:55:31 UTC 2025","Fri Mar 28 06:55:31 UTC 2025","0","","u-flow-api-nodes-based-on-views","","","","Log out",""
"passed","Fri Mar 28 06:28:21 UTC 2025","Fri Mar 28 06:28:23 UTC 2025","1952","","u-crud-script-orareq3","","","","Log out",""
"passed","Fri Mar 28 06:33:54 UTC 2025","Fri Mar 28 06:34:00 UTC 2025","6279","","u-flow-api-gesaenumb","","","","Update property name",""
"passed","Fri Mar 28 06:08:00 UTC 2025","Fri Mar 28 06:08:01 UTC 2025","1174","","u-crud-attach-file-secure","","","","Attach file ""[ATT]/AAMSK.pdf""",""
"passed","Fri Mar 28 06:35:55 UTC 2025","Fri Mar 28 06:35:57 UTC 2025","2282","","u-flow-api-gesapack","","","","Delete package ""testshared_gesapack""",""
"passed","Fri Mar 28 05:56:11 UTC 2025","Fri Mar 28 05:56:31 UTC 2025","20013","","upre-flow-set-presetting-parameters","","","","Enable Batch server parameters in ADPVAL",""
"passed","Fri Mar 28 06:03:48 UTC 2025","Fri Mar 28 06:04:07 UTC 2025","18776","","u-crud-areadlog-archive-refresh-batch","","","","Create log entry for user",""
"passed","Fri Mar 28 07:05:02 UTC 2025","Fri Mar 28 07:05:12 UTC 2025","9451","","u-flow-patch-a-folder","","","","Check patch integration",""
"passed","Fri Mar 28 07:10:32 UTC 2025","Fri Mar 28 07:10:43 UTC 2025","10403","","u-flow-print-server","","","","Login scenario",""
"skipped","Fri Mar 28 07:03:27 UTC 2025","Fri Mar 28 07:03:27 UTC 2025","0","","u-flow-log-levels","","","","Delete log for log level 256 LOG_STRT",""
"passed","Fri Mar 28 07:08:27 UTC 2025","Fri Mar 28 07:08:45 UTC 2025","17990","","u-flow-patch-create-integration","","","","Delete patch file from Server side",""
"skipped","Fri Mar 28 07:06:58 UTC 2025","Fri Mar 28 07:06:58 UTC 2025","1","","u-flow-patch-a-view","","","","Delete patch name by Patch inquiry",""
"passed","Fri Mar 28 06:08:29 UTC 2025","Fri Mar 28 06:08:33 UTC 2025","4182","","u-crud-attach-file-secure","","","","Delete attached file ""AASoapAndREST.txt"" from table",""
"passed","Fri Mar 28 06:38:59 UTC 2025","Fri Mar 28 06:40:01 UTC 2025","61763","","u-flow-api-gesapiope-class","","","","Change-class-properties-for-both-operations-""CLASS_TEST_OPE1""",""
"passed","Fri Mar 28 06:00:59 UTC 2025","Fri Mar 28 06:01:02 UTC 2025","3647","","wpre-flow-initiating-site-depositor","","","","Logout",""
"passed","Fri Mar 28 05:56:43 UTC 2025","Fri Mar 28 05:56:59 UTC 2025","16133","","upre-flow-set-presetting-parameters","","","","Set parameter ""EXTBATCH"" for loginUser",""
"passed","Fri Mar 28 06:36:58 UTC 2025","Fri Mar 28 06:37:07 UTC 2025","9030","","u-flow-api-gesapiope-class","","","","Validate-node-bindings",""
"passed","Fri Mar 28 06:32:03 UTC 2025","Fri Mar 28 06:32:42 UTC 2025","39150","","u-flow-api-data-model-link","","","","Create data model",""
"passed","Fri Mar 28 06:10:21 UTC 2025","Fri Mar 28 06:10:27 UTC 2025","6035","","u-crud-gesatb","","","","X3 Connection",""
"passed","Fri Mar 28 06:24:34 UTC 2025","Fri Mar 28 06:24:49 UTC 2025","15300","","u-crud-mail-server-workflow-mail-attachmend-send-new","","","","Delete uploaded file",""
"passed","Fri Mar 28 06:30:19 UTC 2025","Fri Mar 28 06:30:30 UTC 2025","10984","","u-flow-api-activity-codes-package-link","","","","Create Sizing Activity code ""ZAPIS""",""
"passed","Fri Mar 28 05:55:10 UTC 2025","Fri Mar 28 05:55:17 UTC 2025","7055","","upre-flow-mail-server-create","","","","Test Configuration SMTP_TEST mail server",""
"passed","Fri Mar 28 06:20:16 UTC 2025","Fri Mar 28 06:20:22 UTC 2025","6749","","u-crud-groups-of-tasks","","","","Delete group",""
"passed","Fri Mar 28 05:58:45 UTC 2025","Fri Mar 28 05:58:51 UTC 2025","5942","","upre-flow-show-RT-version","","","","X3 Connection",""
"passed","Fri Mar 28 06:36:46 UTC 2025","Fri Mar 28 06:36:58 UTC 2025","12714","","u-flow-api-gesapiope-class","","","","Create-data-model",""
"passed","Fri Mar 28 06:32:48 UTC 2025","Fri Mar 28 06:32:50 UTC 2025","2335","","u-flow-api-data-model-link","","","","Delete the record",""
"passed","Fri Mar 28 06:57:06 UTC 2025","Fri Mar 28 06:57:12 UTC 2025","5625","","u-flow-call-function","","","","Open function ""GESADF"" using leftlist selection",""
"passed","Fri Mar 28 06:24:53 UTC 2025","Fri Mar 28 06:24:59 UTC 2025","6080","","u-crud-numeric-iso-isonumcod","","","","Log in",""
"passed","Fri Mar 28 06:36:12 UTC 2025","Fri Mar 28 06:36:26 UTC 2025","14041","","u-flow-api-gesapiope-class","","","","Create-package-""CLASSTEST1""",""
"passed","Fri Mar 28 06:34:00 UTC 2025","Fri Mar 28 06:34:06 UTC 2025","6233","","u-flow-api-gesaenumb","","","","Delete record and log out",""
"passed","Fri Mar 28 06:50:31 UTC 2025","Fri Mar 28 06:50:34 UTC 2025","2346","","u-flow-api-gesawm-gesanodeb","","","","Delete the record",""
"passed","Fri Mar 28 07:09:55 UTC 2025","Fri Mar 28 07:09:58 UTC 2025","2957","","u-flow-performance-page-criteria","","","","Log out",""
"passed","Fri Mar 28 07:01:03 UTC 2025","Fri Mar 28 07:01:15 UTC 2025","12015","","u-flow-call-function","","","","Open function ""GESAPINOD""",""
"broken","Fri Mar 28 06:52:05 UTC 2025","Fri Mar 28 06:55:31 UTC 2025","206151","","u-flow-api-nodes-based-on-views","","","","Validate node bindings for view ZAVVTEXTRA",""
"passed","Fri Mar 28 06:05:19 UTC 2025","Fri Mar 28 06:05:20 UTC 2025","767","","u-crud-areadlog","","","","Log out",""
"passed","Fri Mar 28 06:13:21 UTC 2025","Fri Mar 28 06:13:27 UTC 2025","5816","","u-crud-gesawi","","","","Login scenario",""
"passed","Fri Mar 28 06:58:25 UTC 2025","Fri Mar 28 06:58:32 UTC 2025","6461","","u-flow-call-function","","","","Open function ""GESAPT"" using leftlist selection",""
"passed","Fri Mar 28 06:59:00 UTC 2025","Fri Mar 28 06:59:06 UTC 2025","5528","","u-flow-call-function","","","","Open function ""GESAFP"" using leftlist selection",""
"passed","Fri Mar 28 06:17:51 UTC 2025","Fri Mar 28 06:18:02 UTC 2025","10557","","u-crud-groups-of-tasks","","","","Create tasks for group ZGROUPU with Sequence ""12"" and Task code ""ZUNITESTUE""",""
"passed","Fri Mar 28 06:31:52 UTC 2025","Fri Mar 28 06:31:52 UTC 2025","354","","u-flow-api-data-model-link","","","","Close page",""
"passed","Fri Mar 28 06:35:53 UTC 2025","Fri Mar 28 06:35:55 UTC 2025","1970","","u-flow-api-gesapack","","","","Delete package ""test_gesapack_2""",""
"passed","Fri Mar 28 07:13:46 UTC 2025","Fri Mar 28 07:13:47 UTC 2025","1668","","u-flow-upload-to-attsto","","","","Attach file ""[ATTSTO]/AAtest.jpg""",""
"passed","Fri Mar 28 06:08:37 UTC 2025","Fri Mar 28 06:08:42 UTC 2025","4620","","u-crud-attach-file-secure","","","","Delete TEXT attached file from table",""
"passed","Fri Mar 28 06:26:49 UTC 2025","Fri Mar 28 06:27:44 UTC 2025","55088","","u-crud-script-orareq2","","","","Execute QLFCUC_SQL02",""
"passed","Fri Mar 28 06:31:18 UTC 2025","Fri Mar 28 06:31:22 UTC 2025","4583","","u-flow-api-activity-codes-package-link","","","","Delete Activity code ""ZAPIS""",""
"passed","Fri Mar 28 06:32:42 UTC 2025","Fri Mar 28 06:32:48 UTC 2025","5676","","u-flow-api-data-model-link","","","","Delete Data model",""
"passed","Fri Mar 28 06:10:55 UTC 2025","Fri Mar 28 06:11:14 UTC 2025","18347","","u-crud-gesatb","","","","Update the ZABANK record - Insert",""
"passed","Fri Mar 28 06:35:02 UTC 2025","Fri Mar 28 06:35:02 UTC 2025","384","","u-flow-api-gesapack","","","","Close page",""
"passed","Fri Mar 28 06:21:41 UTC 2025","Fri Mar 28 06:21:52 UTC 2025","11109","","u-crud-mail-server-theme-send-new","","","","Send mail by create - duplicate GESTCY FR to FRX",""
"passed","Fri Mar 28 06:48:34 UTC 2025","Fri Mar 28 06:48:40 UTC 2025","5745","","u-flow-api-gesawm-gesanodeb","","","","Login scenario",""
"passed","Fri Mar 28 07:14:28 UTC 2025","Fri Mar 28 07:14:32 UTC 2025","4283","","u-flow-upload-to-attsto","","","","Delete file ""AAMSK.pdf""",""
"passed","Fri Mar 28 05:54:17 UTC 2025","Fri Mar 28 05:54:25 UTC 2025","7879","","upre-flow-mail-server-create","","","","Log in",""
"passed","Fri Mar 28 07:12:09 UTC 2025","Fri Mar 28 07:12:09 UTC 2025","212","","u-flow-upload-file-classic-page","","","","Remove lock ATT",""
"passed","Fri Mar 28 06:31:52 UTC 2025","Fri Mar 28 06:32:03 UTC 2025","10816","","u-flow-api-data-model-link","","","","Non API data model",""
"passed","Fri Mar 28 06:34:52 UTC 2025","Fri Mar 28 06:35:02 UTC 2025","9614","","u-flow-api-gesapack","","","","Create package ""TESTLINK_GESAPACK""",""
"passed","Fri Mar 28 06:08:25 UTC 2025","Fri Mar 28 06:08:29 UTC 2025","4063","","u-crud-attach-file-secure","","","","Delete attached file ""AAMSK.pdf"" from table",""
"skipped","Fri Mar 28 07:03:27 UTC 2025","Fri Mar 28 07:03:27 UTC 2025","2","","u-flow-log-levels","","","","Create Session log for level 1024 LOG_SYSC",""
"passed","Fri Mar 28 06:04:34 UTC 2025","Fri Mar 28 06:04:52 UTC 2025","17951","","u-crud-areadlog","","","","Lectrace",""
"passed","Fri Mar 28 07:20:44 UTC 2025","Fri Mar 28 07:20:54 UTC 2025","9611","","w-flow-receipts-addressing-storing-001","","","","6-Addressing type : Addressing by Inputs, inputs number 001",""
"passed","Fri Mar 28 06:57:40 UTC 2025","Fri Mar 28 06:57:45 UTC 2025","5269","","u-flow-call-function","","","","Open function ""GESACT"" using leftlist selection",""
"passed","Fri Mar 28 06:58:10 UTC 2025","Fri Mar 28 06:58:18 UTC 2025","8372","","u-flow-call-function","","","","Open function ""GESAOB"" using leftlist selection",""
"passed","Fri Mar 28 05:59:36 UTC 2025","Fri Mar 28 05:59:47 UTC 2025","10476","","wpre-flow-initiating-site-depositor","","","","Login scenario",""
"passed","Fri Mar 28 06:10:27 UTC 2025","Fri Mar 28 06:10:40 UTC 2025","13306","","u-crud-gesatb","","","","Create an ATB record by duplicating ABANK",""
"passed","Fri Mar 28 06:31:22 UTC 2025","Fri Mar 28 06:31:27 UTC 2025","4614","","u-flow-api-activity-codes-package-link","","","","Delete Activity code ""ZAPIL""",""
"passed","Fri Mar 28 06:22:01 UTC 2025","Fri Mar 28 06:22:34 UTC 2025","33576","","u-crud-mail-server-theme-send-new","","","","Send mail by X3 code ENVOI_MAIL_SYRA() and ENVOI_MAIL()",""
"passed","Fri Mar 28 06:35:36 UTC 2025","Fri Mar 28 06:35:46 UTC 2025","10415","","u-flow-api-gesapack","","","","Linking package type",""
"passed","Fri Mar 28 06:04:23 UTC 2025","Fri Mar 28 06:04:34 UTC 2025","10237","","u-crud-areadlog","","","","Log in",""
"passed","Fri Mar 28 06:14:14 UTC 2025","Fri Mar 28 06:14:28 UTC 2025","13806","","u-crud-gesawi","","","","Read and update the record",""
"passed","Fri Mar 28 06:03:19 UTC 2025","Fri Mar 28 06:03:31 UTC 2025","11067","","u-crud-activitycode","","","","Delete activity ""XACT2""",""
"passed","Fri Mar 28 07:05:12 UTC 2025","Fri Mar 28 07:05:28 UTC 2025","16659","","u-flow-patch-a-folder","","","","Retry patch integration",""
"passed","Fri Mar 28 06:58:32 UTC 2025","Fri Mar 28 06:58:38 UTC 2025","6137","","u-flow-call-function","","","","Open function ""GESATR"" using leftlist selection",""
"passed","Fri Mar 28 07:16:46 UTC 2025","Fri Mar 28 07:16:53 UTC 2025","7003","","w-flow-hp-count-001","","","","5-Generation of counts",""
"passed","Fri Mar 28 06:42:07 UTC 2025","Fri Mar 28 06:42:13 UTC 2025","6263","","u-flow-api-gesapiope-class","","","","Data-model-used-in-an-operation",""
"passed","Fri Mar 28 06:04:19 UTC 2025","Fri Mar 28 06:04:20 UTC 2025","774","","u-crud-areadlog-archive-refresh-batch","","","","Log out",""
"failed","Fri Mar 28 07:02:44 UTC 2025","Fri Mar 28 07:03:27 UTC 2025","43541","","u-flow-log-levels","","","","Create Session log for level 1 LOG_TRT0",""
"passed","Fri Mar 28 07:07:50 UTC 2025","Fri Mar 28 07:08:19 UTC 2025","29208","","u-flow-patch-create-integration","","","","Integration patch from Server file",""
"passed","Fri Mar 28 07:01:32 UTC 2025","Fri Mar 28 07:01:45 UTC 2025","12971","","u-flow-change-language","","","","Check language and change back to English",""
"passed","Fri Mar 28 06:59:44 UTC 2025","Fri Mar 28 06:59:48 UTC 2025","4445","","u-flow-call-function","","","","Open function ""GESAAR""",""
"passed","Fri Mar 28 07:10:02 UTC 2025","Fri Mar 28 07:10:08 UTC 2025","6099","","u-flow-performance-tests-valdico","","","","Log in",""
"passed","Fri Mar 28 06:32:56 UTC 2025","Fri Mar 28 06:33:02 UTC 2025","5822","","u-flow-api-gesaenumb","","","","Login scenario",""
"passed","Fri Mar 28 06:08:42 UTC 2025","Fri Mar 28 06:08:43 UTC 2025","915","","u-crud-attach-file-secure","","","","Close and remove lock",""
"passed","Fri Mar 28 06:03:31 UTC 2025","Fri Mar 28 06:03:32 UTC 2025","1548","","u-crud-activitycode","","","","Close",""
"passed","Fri Mar 28 06:10:06 UTC 2025","Fri Mar 28 06:10:09 UTC 2025","3490","","u-crud-country-eori","","","","Item list",""
"passed","Fri Mar 28 06:15:37 UTC 2025","Fri Mar 28 06:15:43 UTC 2025","5441","","u-crud-gestcy","","","","Delete the record and log out from the system",""
"passed","Fri Mar 28 07:18:08 UTC 2025","Fri Mar 28 07:18:08 UTC 2025","211","","w-flow-hp-count-001","","","","14-Unlocking function GESSKC",""
"passed","Fri Mar 28 05:57:32 UTC 2025","Fri Mar 28 05:57:37 UTC 2025","5121","","upre-flow-set-presetting-parameters","","","","Enter user parameters for loginUserRoot",""
"passed","Fri Mar 28 06:59:39 UTC 2025","Fri Mar 28 06:59:44 UTC 2025","4310","","u-flow-call-function","","","","Open function ""GESAAB""",""
"skipped","Fri Mar 28 07:06:58 UTC 2025","Fri Mar 28 07:06:58 UTC 2025","0","","u-flow-patch-a-view","","","","Remove lock LCK_GESAVW",""
"passed","Fri Mar 28 07:11:09 UTC 2025","Fri Mar 28 07:11:10 UTC 2025","1231","","u-flow-print-server","","","","Close AIMP report function",""
"passed","Fri Mar 28 07:16:53 UTC 2025","Fri Mar 28 07:16:54 UTC 2025","211","","w-flow-hp-count-001","","","","6-Unlocking function SKHSKC",""
"passed","Fri Mar 28 06:33:33 UTC 2025","Fri Mar 28 06:33:42 UTC 2025","9632","","u-flow-api-gesaenumb","","","","Creat enum exception",""
"passed","Fri Mar 28 06:08:07 UTC 2025","Fri Mar 28 06:08:08 UTC 2025","732","","u-crud-attach-file-secure","","","","Close page",""
"skipped","Fri Mar 28 07:03:27 UTC 2025","Fri Mar 28 07:03:27 UTC 2025","1","","u-flow-log-levels","","","","Delete log for log level 128 LOG_OPAD",""
"passed","Fri Mar 28 06:34:23 UTC 2025","Fri Mar 28 06:34:33 UTC 2025","9703","","u-flow-api-gesapack","","","","Create package ""TEST_GESAPACK_1""",""
"passed","Fri Mar 28 05:54:25 UTC 2025","Fri Mar 28 05:54:43 UTC 2025","18061","","upre-flow-mail-server-create","","","","Create Server SMTP_TEST",""
"passed","Fri Mar 28 06:26:03 UTC 2025","Fri Mar 28 06:26:05 UTC 2025","1959","","u-crud-restwebserv-create","","","","Log out",""
"passed","Fri Mar 28 07:07:02 UTC 2025","Fri Mar 28 07:07:09 UTC 2025","7245","","u-flow-patch-create-integration","","","","Log in",""
"passed","Fri Mar 28 07:12:13 UTC 2025","Fri Mar 28 07:12:19 UTC 2025","5765","","u-flow-upload-file-non-classic-page","","","","X3 Connection",""
"passed","Fri Mar 28 07:15:47 UTC 2025","Fri Mar 28 07:16:28 UTC 2025","41176","","w-flow-hp-count-001","","","","2-Create a stock via the adjustment function ""GESAJM""",""
"passed","Fri Mar 28 06:10:12 UTC 2025","Fri Mar 28 06:10:14 UTC 2025","1962","","u-crud-country-eori","","","","Log out",""
"passed","Fri Mar 28 05:59:07 UTC 2025","Fri Mar 28 05:59:08 UTC 2025","302","","upre-flow-show-RT-version","","","","Screenshot - runtime version",""
"passed","Fri Mar 28 06:47:25 UTC 2025","Fri Mar 28 06:47:34 UTC 2025","8850","","u-flow-api-gesapiope","","","","Delete ""GESAPIOPE"" ""TEST_OPE_GESAPIOPE_2""",""
"failed","Fri Mar 28 07:06:18 UTC 2025","Fri Mar 28 07:06:58 UTC 2025","40102","","u-flow-patch-a-view","","","","Duplicate View",""
"passed","Fri Mar 28 06:47:34 UTC 2025","Fri Mar 28 06:47:43 UTC 2025","8730","","u-flow-api-gesapiope","","","","Delete ""GESAPIOPE"" ""TEST_OPE_GESAPIOPE_1""",""
"passed","Fri Mar 28 06:08:19 UTC 2025","Fri Mar 28 06:08:25 UTC 2025","6318","","u-crud-attach-file-secure","","","","Delete file from table",""
"passed","Fri Mar 28 07:01:15 UTC 2025","Fri Mar 28 07:01:17 UTC 2025","1989","","u-flow-call-function","","","","Log out",""
"passed","Fri Mar 28 06:22:34 UTC 2025","Fri Mar 28 06:22:42 UTC 2025","7933","","u-crud-mail-server-theme-send-new","","","","Delete Country FRX",""
"passed","Fri Mar 28 06:51:59 UTC 2025","Fri Mar 28 06:52:04 UTC 2025","4767","","u-flow-api-nodes-based-on-views","","","","Create mandatory fields for view ZAVVTEXTRA",""
"passed","Fri Mar 28 07:03:56 UTC 2025","Fri Mar 28 07:04:08 UTC 2025","11654","","u-flow-patch-a-folder","","","","Create an ATB record by duplicating ABANK",""
"passed","Fri Mar 28 06:33:02 UTC 2025","Fri Mar 28 06:33:14 UTC 2025","12232","","u-flow-api-gesaenumb","","","","Switch system to custom environment",""
"passed","Fri Mar 28 06:24:49 UTC 2025","Fri Mar 28 06:24:50 UTC 2025","757","","u-crud-mail-server-workflow-mail-attachmend-send-new","","","","Log out",""
"passed","Fri Mar 28 05:54:43 UTC 2025","Fri Mar 28 05:55:10 UTC 2025","27339","","upre-flow-mail-server-create","","","","Set two parameters in ADPVAL SYRMAIL=Yes SYRMAILSRV=SMTP_TEST",""
"passed","Fri Mar 28 06:06:20 UTC 2025","Fri Mar 28 06:06:21 UTC 2025","1194","","u-crud-attach-file-not-secure","","","","Attach file ""[ATT]/AASoapAndREST.txt""",""
"passed","Fri Mar 28 07:00:54 UTC 2025","Fri Mar 28 07:00:58 UTC 2025","4263","","u-flow-call-function","","","","Open function ""GESAPIOPE""",""
"passed","Fri Mar 28 06:41:28 UTC 2025","Fri Mar 28 06:41:51 UTC 2025","22146","","u-flow-api-gesapiope-class","","","","Return-to-normal",""
"passed","Fri Mar 28 05:59:32 UTC 2025","Fri Mar 28 05:59:33 UTC 2025","758","","wpre-flow-initiating-default-language","","","","Logout scenario",""
"passed","Fri Mar 28 06:07:53 UTC 2025","Fri Mar 28 06:08:00 UTC 2025","7512","","u-crud-attach-file-secure","","","","Attach files to table",""
"passed","Fri Mar 28 06:07:08 UTC 2025","Fri Mar 28 06:07:09 UTC 2025","965","","u-crud-attach-file-not-secure","","","","Remove lock LCK_ATT and log out",""
"passed","Fri Mar 28 06:31:08 UTC 2025","Fri Mar 28 06:31:10 UTC 2025","2114","","u-flow-api-activity-codes-package-link","","","","Delete package ""TEST_ACTIVITY_CODE_2""",""
"passed","Fri Mar 28 07:08:45 UTC 2025","Fri Mar 28 07:08:45 UTC 2025","212","","u-flow-patch-create-integration","","","","Remove lock LCK_GESAVW",""
"passed","Fri Mar 28 06:36:26 UTC 2025","Fri Mar 28 06:36:46 UTC 2025","19252","","u-flow-api-gesapiope-class","","","","Copy-ACTIV-class",""
"passed","Fri Mar 28 06:20:40 UTC 2025","Fri Mar 28 06:20:41 UTC 2025","773","","u-crud-groups-of-tasks","","","","Log Out",""
"skipped","Fri Mar 28 07:03:27 UTC 2025","Fri Mar 28 07:03:27 UTC 2025","1","","u-flow-log-levels","","","","Delete log for log level 8192 LOG_MEMORY",""
"passed","Fri Mar 28 07:00:37 UTC 2025","Fri Mar 28 07:00:41 UTC 2025","4681","","u-flow-call-function","","","","Open function ""GESAYP""",""
"passed","Fri Mar 28 06:42:43 UTC 2025","Fri Mar 28 06:42:51 UTC 2025","8381","","u-flow-api-gesapiope-class","","","","Delete-""GESAWM""-""API_CLASSTEST1""",""
"passed","Fri Mar 28 07:14:32 UTC 2025","Fri Mar 28 07:14:37 UTC 2025","4299","","u-flow-upload-to-attsto","","","","Delete file ""AAtest.jpg""",""
"passed","Fri Mar 28 06:08:33 UTC 2025","Fri Mar 28 06:08:37 UTC 2025","3850","","u-crud-attach-file-secure","","","","Delete attached file ""AAtest.jpg"" from table",""
"passed","Fri Mar 28 05:56:59 UTC 2025","Fri Mar 28 05:57:15 UTC 2025","15897","","upre-flow-set-presetting-parameters","","","","Set parameter ""CONFABD"" for loginUser",""
"passed","Fri Mar 28 05:58:10 UTC 2025","Fri Mar 28 05:58:26 UTC 2025","15985","","upre-flow-set-presetting-parameters","","","","Set parameter ""DBG"" for loginUserRoot",""
"passed","Fri Mar 28 07:14:05 UTC 2025","Fri Mar 28 07:14:12 UTC 2025","7216","","u-flow-upload-to-attsto","","","","Close - remove lock - change login to admin user","        ----- OK save --------------------------------------"
"passed","Fri Mar 28 06:19:03 UTC 2025","Fri Mar 28 06:20:16 UTC 2025","72995","","u-crud-groups-of-tasks","","","","Checking controls",""
"passed","Fri Mar 28 06:14:28 UTC 2025","Fri Mar 28 06:14:35 UTC 2025","6646","","u-crud-gesawi","","","","Delete Window",""
"passed","Fri Mar 28 07:15:37 UTC 2025","Fri Mar 28 07:15:38 UTC 2025","826","","w-crud-gescas","","","","logs-out from the system",""
"passed","Fri Mar 28 06:59:11 UTC 2025","Fri Mar 28 06:59:16 UTC 2025","5634","","u-flow-call-function","","","","Open function ""GESAGF"" using leftlist selection",""
"passed","Fri Mar 28 05:59:12 UTC 2025","Fri Mar 28 05:59:32 UTC 2025","20121","","wpre-flow-initiating-default-language","","","","Login scenario",""
"skipped","Fri Mar 28 07:03:27 UTC 2025","Fri Mar 28 07:03:27 UTC 2025","3","","u-flow-log-levels","","","","Create Session log for level 8 LOG_SQL1",""
"passed","Fri Mar 28 06:51:39 UTC 2025","Fri Mar 28 06:51:41 UTC 2025","1693","","u-flow-api-nodes-based-on-views","","","","Create View ZAVVTEXTRA and check mandatory fields",""
"passed","Fri Mar 28 07:13:32 UTC 2025","Fri Mar 28 07:13:42 UTC 2025","9971","","u-flow-upload-to-attsto","","","","Attach records to table",""
"passed","Fri Mar 28 07:00:32 UTC 2025","Fri Mar 28 07:00:37 UTC 2025","5081","","u-flow-call-function","","","","Open function ""GESAEN""",""
"passed","Fri Mar 28 06:23:13 UTC 2025","Fri Mar 28 06:23:25 UTC 2025","11401","","u-crud-mail-server-workflow-mail-attachmend-send-new","","","","Upload file for workflow send mail",""
"passed","Fri Mar 28 06:06:21 UTC 2025","Fri Mar 28 06:06:23 UTC 2025","1212","","u-crud-attach-file-not-secure","","","","Attach file ""[ATT]/AAtest.jpg""",""
"passed","Fri Mar 28 06:43:47 UTC 2025","Fri Mar 28 06:44:37 UTC 2025","49717","","u-flow-api-gesapiope","","","","Validate node bindings",""
"passed","Fri Mar 28 07:11:20 UTC 2025","Fri Mar 28 07:11:29 UTC 2025","9473","","u-flow-upload-file-classic-page","","","","Upload for classic pages",""
"passed","Fri Mar 28 07:13:44 UTC 2025","Fri Mar 28 07:13:46 UTC 2025","1679","","u-flow-upload-to-attsto","","","","Attach file ""[ATTSTO]/AAMSK.pdf""",""
"passed","Fri Mar 28 07:14:52 UTC 2025","Fri Mar 28 07:14:58 UTC 2025","5819","","w-crud-gescas","","","","Login scenario",""
"passed","Fri Mar 28 06:25:29 UTC 2025","Fri Mar 28 06:25:37 UTC 2025","8082","","u-crud-numeric-iso-isonumcod","","","","Delete",""
"passed","Fri Mar 28 06:50:46 UTC 2025","Fri Mar 28 06:51:01 UTC 2025","14610","","u-flow-api-nodes-based-on-views","","","","Create View ZAVVTEXTRA",""
"passed","Fri Mar 28 06:24:26 UTC 2025","Fri Mar 28 06:24:34 UTC 2025","7565","","u-crud-mail-server-workflow-mail-attachmend-send-new","","","","Delete TCYTEST",""
"passed","Fri Mar 28 06:22:42 UTC 2025","Fri Mar 28 06:22:50 UTC 2025","7703","","u-crud-mail-server-theme-send-new","","","","Delete TCYTEST",""
"passed","Fri Mar 28 07:00:45 UTC 2025","Fri Mar 28 07:00:49 UTC 2025","3952","","u-flow-call-function","","","","Open function ""GESAWM""",""
"passed","Fri Mar 28 06:21:52 UTC 2025","Fri Mar 28 06:22:01 UTC 2025","9290","","u-crud-mail-server-theme-send-new","","","","Send mail by Modify FRX",""
"passed","Fri Mar 28 06:13:50 UTC 2025","Fri Mar 28 06:13:54 UTC 2025","3813","","u-crud-gesawi","","","","Fill table Tabs ""AWI2""",""
"passed","Fri Mar 28 05:53:56 UTC 2025","Fri Mar 28 05:54:12 UTC 2025","16125","","upre-flow-change-locale","","","","Change Locale en-US",""
"passed","Fri Mar 28 07:09:10 UTC 2025","Fri Mar 28 07:09:55 UTC 2025","45268","","u-flow-performance-page-criteria","","","","Detail filter",""
"passed","Fri Mar 28 06:27:48 UTC 2025","Fri Mar 28 06:27:55 UTC 2025","6289","","u-crud-script-orareq3","","","","Log in",""
"skipped","Fri Mar 28 07:03:27 UTC 2025","Fri Mar 28 07:03:27 UTC 2025","1","","u-flow-log-levels","","","","Delete created logs",""
"passed","Fri Mar 28 06:06:45 UTC 2025","Fri Mar 28 06:06:55 UTC 2025","9999","","u-crud-attach-file-not-secure","","","","Delete uploaded files on ATT directory",""
"passed","Fri Mar 28 06:20:22 UTC 2025","Fri Mar 28 06:20:26 UTC 2025","3375","","u-crud-groups-of-tasks","","","","Delete tasks",""
"passed","Fri Mar 28 06:31:13 UTC 2025","Fri Mar 28 06:31:18 UTC 2025","4687","","u-flow-api-activity-codes-package-link","","","","Delete Activity code ""ZAPIF""",""
"skipped","Fri Mar 28 07:03:27 UTC 2025","Fri Mar 28 07:03:27 UTC 2025","2","","u-flow-log-levels","","","","Create Session log for level 2048 LOG_X3SM",""
"passed","Fri Mar 28 06:59:16 UTC 2025","Fri Mar 28 06:59:22 UTC 2025","5933","","u-flow-call-function","","","","Open function ""GESAIM"" using leftlist selection",""
"passed","Fri Mar 28 07:18:02 UTC 2025","Fri Mar 28 07:18:08 UTC 2025","5757","","w-flow-hp-count-001","","","","13-Complete Counts-GESSKC-",""
"passed","Fri Mar 28 07:18:02 UTC 2025","Fri Mar 28 07:18:02 UTC 2025","203","","w-flow-hp-count-001","","","","12-Locking function GESSKC",""
"passed","Fri Mar 28 06:59:34 UTC 2025","Fri Mar 28 06:59:39 UTC 2025","5134","","u-flow-call-function","","","","Open function ""GESADV"" using leftlist selection",""
"passed","Fri Mar 28 07:03:31 UTC 2025","Fri Mar 28 07:03:47 UTC 2025","16032","","u-flow-login","","","","Log in",""
"passed","Fri Mar 28 06:15:56 UTC 2025","Fri Mar 28 06:16:01 UTC 2025","4846","","u-crud-groups-of-tasks","","","","Create tasks",""
"passed","Fri Mar 28 06:05:06 UTC 2025","Fri Mar 28 06:05:12 UTC 2025","6429","","u-crud-areadlog","","","","Login as admin user",""
"passed","Fri Mar 28 07:03:50 UTC 2025","Fri Mar 28 07:03:56 UTC 2025","5935","","u-flow-patch-a-folder","","","","Login scenario",""
"passed","Fri Mar 28 06:02:23 UTC 2025","Fri Mar 28 06:02:29 UTC 2025","5401","","u-crud-activitycode","","","","Language en-US",""
"passed","Fri Mar 28 06:16:17 UTC 2025","Fri Mar 28 06:16:25 UTC 2025","7915","","u-crud-groups-of-tasks","","","","Create the Tasks ""ZUNITESTU5""",""
"skipped","Fri Mar 28 07:03:27 UTC 2025","Fri Mar 28 07:03:27 UTC 2025","1","","u-flow-log-levels","","","","Delete log for log level 1 LOG_TRT0",""
"passed","Fri Mar 28 06:02:02 UTC 2025","Fri Mar 28 06:02:02 UTC 2025","751","","wpre-flow-menu-item-import","","","","logout",""
"passed","Fri Mar 28 06:45:44 UTC 2025","Fri Mar 28 06:46:13 UTC 2025","28350","","u-flow-api-gesapiope","","","","Create operation ""TEST_OPE_GESAPIOPE_2""",""
"passed","Fri Mar 28 07:18:54 UTC 2025","Fri Mar 28 07:19:21 UTC 2025","26842","","w-flow-receipts-addressing-storing-001","","","","1-Check on location AA002 Stock is empty",""
"passed","Fri Mar 28 07:10:48 UTC 2025","Fri Mar 28 07:10:51 UTC 2025","3454","","u-flow-print-server","","","","Update print server",""
"passed","Fri Mar 28 06:26:39 UTC 2025","Fri Mar 28 06:26:40 UTC 2025","749","","u-crud-script-orareq1","","","","Log out",""
"passed","Fri Mar 28 06:48:43 UTC 2025","Fri Mar 28 06:48:54 UTC 2025","10699","","u-flow-api-gesawm-gesanodeb","","","","Create package ""TEST_NODE_BDG""",""
"passed","Fri Mar 28 06:45:05 UTC 2025","Fri Mar 28 06:45:16 UTC 2025","11033","","u-flow-api-gesapiope","","","","Create subprog for operation ""APIOPE_TEST_GESAPIOPE_2""",""
"passed","Fri Mar 28 06:13:58 UTC 2025","Fri Mar 28 06:14:10 UTC 2025","11972","","u-crud-gesawi","","","","Fill table in section Browser",""
"passed","Fri Mar 28 06:56:08 UTC 2025","Fri Mar 28 06:56:18 UTC 2025","9362","","u-flow-call-function","","","","Open function ""GESACLA"" and validate with confirm",""
"passed","Fri Mar 28 07:17:08 UTC 2025","Fri Mar 28 07:17:08 UTC 2025","203","","w-flow-hp-count-001","","","","8-Locking function GESSKC",""
"passed","Fri Mar 28 06:51:34 UTC 2025","Fri Mar 28 06:51:39 UTC 2025","5651","","u-flow-api-nodes-based-on-views","","","","Add fields to view",""
"passed","Fri Mar 28 06:50:36 UTC 2025","Fri Mar 28 06:50:37 UTC 2025","1100","","u-flow-api-gesawm-gesanodeb","","","","Close page and log out",""
"passed","Fri Mar 28 06:57:18 UTC 2025","Fri Mar 28 06:57:23 UTC 2025","5308","","u-flow-call-function","","","","Open function ""GESATB"" using leftlist selection",""
"passed","Fri Mar 28 06:18:11 UTC 2025","Fri Mar 28 06:18:22 UTC 2025","10588","","u-crud-groups-of-tasks","","","","Create tasks for group ZGROUPU with Sequence ""13"" and Task code ""ZUNITESTU4""",""
"passed","Fri Mar 28 06:34:42 UTC 2025","Fri Mar 28 06:34:52 UTC 2025","9951","","u-flow-api-gesapack","","","","Create package ""TESTSHARED_GESAPACK""",""
"passed","Fri Mar 28 06:09:23 UTC 2025","Fri Mar 28 06:09:23 UTC 2025","751","","u-crud-attach-file-secure","","","","Log out",""
"passed","Fri Mar 28 06:31:03 UTC 2025","Fri Mar 28 06:31:05 UTC 2025","2780","","u-flow-api-activity-codes-package-link","","","","Delete the record",""
"passed","Fri Mar 28 07:19:47 UTC 2025","Fri Mar 28 07:19:56 UTC 2025","8764","","w-flow-receipts-addressing-storing-001","","","","3-Administrative receipts",""
"passed","Fri Mar 28 06:15:09 UTC 2025","Fri Mar 28 06:15:37 UTC 2025","27932","","u-crud-gestcy","","","","Create a record from scratch",""
"passed","Fri Mar 28 06:44:37 UTC 2025","Fri Mar 28 06:44:44 UTC 2025","7511","","u-flow-api-gesapiope","","","","Create script for operation ""APIOPE_TEST_GESAPIOPE_1""",""
"passed","Fri Mar 28 06:35:57 UTC 2025","Fri Mar 28 06:35:58 UTC 2025","1093","","u-flow-api-gesapack","","","","Close page and log out",""
"passed","Fri Mar 28 06:50:13 UTC 2025","Fri Mar 28 06:50:19 UTC 2025","6286","","u-flow-api-gesawm-gesanodeb","","","","Check Node binding is automatically deleted",""
"passed","Fri Mar 28 06:20:55 UTC 2025","Fri Mar 28 06:21:04 UTC 2025","9079","","u-crud-mail-server-theme-send-new","","","","Set email for X3 user",""
"passed","Fri Mar 28 06:14:38 UTC 2025","Fri Mar 28 06:14:44 UTC 2025","5820","","u-crud-gestcy","","","","Login scenario",""
"passed","Fri Mar 28 06:20:44 UTC 2025","Fri Mar 28 06:20:50 UTC 2025","6035","","u-crud-mail-server-theme-send-new","","","","Log in",""
"passed","Fri Mar 28 06:23:25 UTC 2025","Fri Mar 28 06:23:58 UTC 2025","33716","","u-crud-mail-server-workflow-mail-attachmend-send-new","","","","Create TCYTEST code Workflow",""
"passed","Fri Mar 28 07:12:19 UTC 2025","Fri Mar 28 07:12:30 UTC 2025","11127","","u-flow-upload-file-non-classic-page","","","","Upload for non classic pages",""
"passed","Fri Mar 28 06:18:43 UTC 2025","Fri Mar 28 06:19:03 UTC 2025","19964","","u-crud-groups-of-tasks","","","","Delete group from table",""
"passed","Fri Mar 28 07:00:05 UTC 2025","Fri Mar 28 07:00:10 UTC 2025","5100","","u-flow-call-function","","","","Open function ""GESACO""",""
"passed","Fri Mar 28 06:06:26 UTC 2025","Fri Mar 28 06:06:36 UTC 2025","10056","","u-crud-attach-file-not-secure","","","","Modify text",""
"passed","Fri Mar 28 05:59:08 UTC 2025","Fri Mar 28 05:59:08 UTC 2025","765","","upre-flow-show-RT-version","","","","Close",""
"passed","Fri Mar 28 06:33:51 UTC 2025","Fri Mar 28 06:33:53 UTC 2025","2141","","u-flow-api-gesaenumb","","","","Add new enum values",""
"passed","Fri Mar 28 06:43:01 UTC 2025","Fri Mar 28 06:43:10 UTC 2025","8177","","u-flow-api-gesapiope-class","","","","Delete-""GESAPACK""-""CLASSTEST1""",""
"passed","Fri Mar 28 06:17:12 UTC 2025","Fri Mar 28 06:17:23 UTC 2025","10572","","u-crud-groups-of-tasks","","","","Create tasks for group ZSUBGRPU with Sequence ""12"" and Task code ""ZUNITESTUE""",""
"passed","Fri Mar 28 06:57:45 UTC 2025","Fri Mar 28 06:57:50 UTC 2025","5283","","u-flow-call-function","","","","Open function ""GESADC"" using leftlist selection",""
"passed","Fri Mar 28 05:56:31 UTC 2025","Fri Mar 28 05:56:43 UTC 2025","11728","","upre-flow-set-presetting-parameters","","","","Enter user parameters for loginUser",""
"passed","Fri Mar 28 06:29:20 UTC 2025","Fri Mar 28 06:29:20 UTC 2025","211","","u-crud-views","","","","Remove lock LCK_GESAVW",""
"skipped","Fri Mar 28 07:06:58 UTC 2025","Fri Mar 28 07:06:58 UTC 2025","1","","u-flow-patch-a-view","","","","Delete patch file from Server side",""
"passed","Fri Mar 28 07:05:28 UTC 2025","Fri Mar 28 07:05:38 UTC 2025","10121","","u-flow-patch-a-folder","","","","Delete the ZABANK record",""
"passed","Fri Mar 28 06:28:33 UTC 2025","Fri Mar 28 06:29:02 UTC 2025","29658","","u-crud-views","","","","Duplicate View 24/11/2020 Works well",""
"passed","Fri Mar 28 06:12:48 UTC 2025","Fri Mar 28 06:13:06 UTC 2025","18045","","u-crud-gesaus","","","","Update the record",""
"passed","Fri Mar 28 06:58:49 UTC 2025","Fri Mar 28 06:58:55 UTC 2025","5799","","u-flow-call-function","","","","Open function ""GESACTX"" using leftlist selection",""
"passed","Fri Mar 28 07:04:44 UTC 2025","Fri Mar 28 07:05:02 UTC 2025","18395","","u-flow-patch-a-folder","","","","Integrate patch",""
"passed","Fri Mar 28 06:25:16 UTC 2025","Fri Mar 28 06:25:29 UTC 2025","13310","","u-crud-numeric-iso-isonumcod","","","","Create with zone euro",""
"passed","Fri Mar 28 06:59:48 UTC 2025","Fri Mar 28 06:59:53 UTC 2025","4666","","u-flow-call-function","","","","Open function ""GESABC""",""
"passed","Fri Mar 28 06:18:35 UTC 2025","Fri Mar 28 06:18:43 UTC 2025","7480","","u-crud-groups-of-tasks","","","","Testing class and representation",""
"passed","Fri Mar 28 06:35:51 UTC 2025","Fri Mar 28 06:35:53 UTC 2025","1989","","u-flow-api-gesapack","","","","Delete package ""test_gesapack_1""",""
"passed","Fri Mar 28 06:26:09 UTC 2025","Fri Mar 28 06:26:16 UTC 2025","7629","","u-crud-script-orareq1","","","","Log in",""
"passed","Fri Mar 28 06:29:02 UTC 2025","Fri Mar 28 06:29:20 UTC 2025","17846","","u-crud-views","","","","Delete",""
"skipped","Fri Mar 28 07:03:27 UTC 2025","Fri Mar 28 07:03:27 UTC 2025","3","","u-flow-log-levels","","","","Create Session log for level 2 LOG_TRT1",""
"passed","Fri Mar 28 06:48:54 UTC 2025","Fri Mar 28 06:48:54 UTC 2025","332","","u-flow-api-gesawm-gesanodeb","","","","Close page",""
"passed","Fri Mar 28 06:59:28 UTC 2025","Fri Mar 28 06:59:34 UTC 2025","6653","","u-flow-call-function","","","","Open function ""GESADS"" using leftlist selection",""
"passed","Fri Mar 28 06:08:01 UTC 2025","Fri Mar 28 06:08:03 UTC 2025","1188","","u-crud-attach-file-secure","","","","Attach file ""[ATT]/AASoapAndREST.txt""",""
"passed","Fri Mar 28 06:50:07 UTC 2025","Fri Mar 28 06:50:13 UTC 2025","5425","","u-flow-api-gesawm-gesanodeb","","","","Disable Data model",""
"passed","Fri Mar 28 06:31:27 UTC 2025","Fri Mar 28 06:31:27 UTC 2025","320","","u-flow-api-activity-codes-package-link","","","","Close page",""
"passed","Fri Mar 28 05:57:54 UTC 2025","Fri Mar 28 05:58:10 UTC 2025","15866","","upre-flow-set-presetting-parameters","","","","Set parameter ""AECLIDBG"" for loginUserRoot",""
"passed","Fri Mar 28 06:11:57 UTC 2025","Fri Mar 28 06:12:03 UTC 2025","5823","","u-crud-gesaus","","","","Login scenario",""
"passed","Fri Mar 28 06:15:46 UTC 2025","Fri Mar 28 06:15:56 UTC 2025","10005","","u-crud-groups-of-tasks","","","","Log in",""
"passed","Fri Mar 28 06:57:23 UTC 2025","Fri Mar 28 06:57:29 UTC 2025","5774","","u-flow-call-function","","","","Open function ""GESACL"" using leftlist selection",""
"passed","Fri Mar 28 06:29:36 UTC 2025","Fri Mar 28 06:29:47 UTC 2025","10671","","u-flow-api-activity-codes-package-link","","","","Create package ""TEST_ACTIVITY_CODE_1""",""
"passed","Fri Mar 28 06:08:03 UTC 2025","Fri Mar 28 06:08:04 UTC 2025","1210","","u-crud-attach-file-secure","","","","Attach file ""[ATT]/AAtest.jpg""",""
"passed","Fri Mar 28 06:50:40 UTC 2025","Fri Mar 28 06:50:46 UTC 2025","6070","","u-flow-api-nodes-based-on-views","","","","Log in",""
"passed","Fri Mar 28 06:47:52 UTC 2025","Fri Mar 28 06:48:00 UTC 2025","8449","","u-flow-api-gesapiope","","","","Delete ""GESAPACK"" ""TEST_GESAPIOPE_1""",""
"passed","Fri Mar 28 07:20:54 UTC 2025","Fri Mar 28 07:21:07 UTC 2025","12331","","w-flow-receipts-addressing-storing-001","","","","8-Mass validation VALSTL",""
"passed","Fri Mar 28 06:36:02 UTC 2025","Fri Mar 28 06:36:12 UTC 2025","10661","","u-flow-api-gesapiope-class","","","","Login scenario",""
"passed","Fri Mar 28 06:43:14 UTC 2025","Fri Mar 28 06:43:20 UTC 2025","5802","","u-flow-api-gesapiope","","","","Login scenario",""
"passed","Fri Mar 28 06:06:59 UTC 2025","Fri Mar 28 06:07:03 UTC 2025","4434","","u-crud-attach-file-not-secure","","","","Delete file ""AAtest.jpg""",""
"passed","Fri Mar 28 06:20:30 UTC 2025","Fri Mar 28 06:20:32 UTC 2025","1966","","u-crud-groups-of-tasks","","","","Delete the tasks ""ZUNITESTU5""",""
"passed","Fri Mar 28 07:17:31 UTC 2025","Fri Mar 28 07:17:31 UTC 2025","211","","w-flow-hp-count-001","","","","10-Unlocking function GESSKC",""
"passed","Fri Mar 28 05:55:23 UTC 2025","Fri Mar 28 05:55:29 UTC 2025","6072","","upre-flow-qlf-clean-tables","","","","Log in",""
"passed","Fri Mar 28 06:58:18 UTC 2025","Fri Mar 28 06:58:25 UTC 2025","7115","","u-flow-call-function","","","","Open function ""GESAOE"" using leftlist selection",""
"passed","Fri Mar 28 06:35:17 UTC 2025","Fri Mar 28 06:35:36 UTC 2025","18548","","u-flow-api-gesapack","","","","Link activation and deactivation",""
"passed","Fri Mar 28 06:18:02 UTC 2025","Fri Mar 28 06:18:11 UTC 2025","9615","","u-crud-groups-of-tasks","","","","Create tasks for group ZGROUPU with Sequence ""12"" and Task code ""ZUNITESTU5""",""
"passed","Fri Mar 28 06:21:04 UTC 2025","Fri Mar 28 06:21:41 UTC 2025","36051","","u-crud-mail-server-theme-send-new","","","","Create TCYTEST code Workflow",""
"passed","Fri Mar 28 06:05:47 UTC 2025","Fri Mar 28 06:06:08 UTC 2025","20801","","u-crud-attach-file-not-secure","","","","Upload files",""
"passed","Fri Mar 28 06:06:36 UTC 2025","Fri Mar 28 06:06:44 UTC 2025","7315","","u-crud-attach-file-not-secure","","","","Delete file from table",""
"passed","Fri Mar 28 07:11:35 UTC 2025","Fri Mar 28 07:12:09 UTC 2025","33868","","u-flow-upload-file-classic-page","","","","Delete uploaded items",""
"passed","Fri Mar 28 07:16:28 UTC 2025","Fri Mar 28 07:16:46 UTC 2025","17771","","w-flow-hp-count-001","","","","3-Stock counts",""
"passed","Fri Mar 28 06:06:23 UTC 2025","Fri Mar 28 06:06:26 UTC 2025","3111","","u-crud-attach-file-not-secure","","","","Create Text by button",""
"passed","Fri Mar 28 05:57:15 UTC 2025","Fri Mar 28 05:57:31 UTC 2025","15969","","upre-flow-set-presetting-parameters","","","","Set parameter ""CONFDUP"" for loginUser",""
"passed","Fri Mar 28 07:07:09 UTC 2025","Fri Mar 28 07:07:09 UTC 2025","203","","u-flow-patch-create-integration","","","","Add lock LCK_GESAVW",""
"passed","Fri Mar 28 06:03:04 UTC 2025","Fri Mar 28 06:03:19 UTC 2025","15986","","u-crud-activitycode","","","","Delete activity ""XACT1""",""
"passed","Fri Mar 28 06:12:03 UTC 2025","Fri Mar 28 06:12:30 UTC 2025","27611","","u-crud-gesaus","","","","Create a record from scratch",""
"passed","Fri Mar 28 05:58:32 UTC 2025","Fri Mar 28 05:58:41 UTC 2025","8876","","upre-flow-set-presetting-parameters","","","","Enable Batch server parameters",""
"passed","Fri Mar 28 07:06:10 UTC 2025","Fri Mar 28 07:06:18 UTC 2025","7402","","u-flow-patch-a-view","","","","Log in",""
"passed","Fri Mar 28 07:07:09 UTC 2025","Fri Mar 28 07:07:50 UTC 2025","40699","","u-flow-patch-create-integration","","","","Create patch",""
"passed","Fri Mar 28 06:26:16 UTC 2025","Fri Mar 28 06:26:39 UTC 2025","22524","","u-crud-script-orareq1","","","","Execute QLFCUC_SQL01",""
"passed","Fri Mar 28 06:20:34 UTC 2025","Fri Mar 28 06:20:40 UTC 2025","5975","","u-crud-groups-of-tasks","","","","Delete the scripts",""
"passed","Fri Mar 28 07:13:42 UTC 2025","Fri Mar 28 07:13:44 UTC 2025","1912","","u-flow-upload-to-attsto","","","","Attach file ""[ATTSTO]/AASoapAndREST.txt""",""
"passed","Fri Mar 28 06:48:23 UTC 2025","Fri Mar 28 06:48:28 UTC 2025","5213","","u-flow-api-gesapiope","","","","Delete operation script ""APIOPE_TEST_GESAPIOPE_2""",""
"passed","Fri Mar 28 06:13:17 UTC 2025","Fri Mar 28 06:13:18 UTC 2025","791","","u-crud-gesaus","","","","Log out",""
"passed","Fri Mar 28 06:05:23 UTC 2025","Fri Mar 28 06:05:29 UTC 2025","6089","","u-crud-attach-file-not-secure","","","","Login",""
"skipped","Fri Mar 28 07:03:27 UTC 2025","Fri Mar 28 07:03:27 UTC 2025","0","","u-flow-log-levels","","","","Delete log for log level 32 LOG_CLNT",""
"passed","Fri Mar 28 06:37:07 UTC 2025","Fri Mar 28 06:38:06 UTC 2025","58130","","u-flow-api-gesapiope-class","","","","Add-transient-node-properties-to-data-model",""
"passed","Fri Mar 28 06:48:18 UTC 2025","Fri Mar 28 06:48:23 UTC 2025","5195","","u-flow-api-gesapiope","","","","Delete operation script ""APIOPE_TEST_GESAPIOPE_1""",""
"passed","Fri Mar 28 07:18:15 UTC 2025","Fri Mar 28 07:18:15 UTC 2025","211","","w-flow-hp-count-001","","","","17-Unlocking function GESSKH",""
"passed","Fri Mar 28 06:56:18 UTC 2025","Fri Mar 28 06:56:24 UTC 2025","6791","","u-flow-call-function","","","","Open function ""GESAWI"" and validate with confirm",""
"passed","Fri Mar 28 06:52:04 UTC 2025","Fri Mar 28 06:52:05 UTC 2025","711","","u-flow-api-nodes-based-on-views","","","","Create view ZAVVTEXTRA with mandatory fields",""
"passed","Fri Mar 28 06:38:35 UTC 2025","Fri Mar 28 06:38:59 UTC 2025","24217","","u-flow-api-gesapiope-class","","","","Create-operation-fail",""
"passed","Fri Mar 28 07:16:46 UTC 2025","Fri Mar 28 07:16:46 UTC 2025","203","","w-flow-hp-count-001","","","","4-Locking function SKHSKC",""
"passed","Fri Mar 28 06:08:53 UTC 2025","Fri Mar 28 06:08:57 UTC 2025","4328","","u-crud-attach-file-secure","","","","Delete file ""AAMSK.pdf""",""
"passed","Fri Mar 28 06:16:41 UTC 2025","Fri Mar 28 06:16:51 UTC 2025","10625","","u-crud-groups-of-tasks","","","","Create task group ZSUBGRPU",""
"skipped","Fri Mar 28 07:03:27 UTC 2025","Fri Mar 28 07:03:27 UTC 2025","2","","u-flow-log-levels","","","","Create Session log for level 128 LOG_OPAD",""
"passed","Fri Mar 28 06:58:44 UTC 2025","Fri Mar 28 06:58:49 UTC 2025","5143","","u-flow-call-function","","","","Open function ""GESATT"" using leftlist selection",""
"passed","Fri Mar 28 06:31:41 UTC 2025","Fri Mar 28 06:31:52 UTC 2025","10604","","u-flow-api-data-model-link","","","","Create package ""TEST_DATA_MODEL_1""",""
"passed","Fri Mar 28 06:59:57 UTC 2025","Fri Mar 28 07:00:01 UTC 2025","4152","","u-flow-call-function","","","","Open function ""GESACG""",""
"passed","Fri Mar 28 06:06:44 UTC 2025","Fri Mar 28 06:06:45 UTC 2025","977","","u-crud-attach-file-not-secure","","","","Close",""
"passed","Fri Mar 28 07:10:14 UTC 2025","Fri Mar 28 07:10:27 UTC 2025","12931","","u-flow-performance-tests-valdico","","","","Execute VALDICO",""
"passed","Fri Mar 28 06:33:25 UTC 2025","Fri Mar 28 06:33:33 UTC 2025","8001","","u-flow-api-gesaenumb","","","","Switch system to Sage environment",""
"passed","Fri Mar 28 06:16:51 UTC 2025","Fri Mar 28 06:17:02 UTC 2025","10520","","u-crud-groups-of-tasks","","","","Create tasks for group ZSUBGRPU with Sequence ""10"" and Task code ""ZUNITESTU4""",""
"passed","Fri Mar 28 06:09:27 UTC 2025","Fri Mar 28 06:09:34 UTC 2025","7269","","u-crud-country-eori","","","","Log in",""
"passed","Fri Mar 28 06:20:28 UTC 2025","Fri Mar 28 06:20:30 UTC 2025","1981","","u-crud-groups-of-tasks","","","","Delete the tasks ""ZUNITESTUE""",""
"passed","Fri Mar 28 06:24:59 UTC 2025","Fri Mar 28 06:25:00 UTC 2025","203","","u-crud-numeric-iso-isonumcod","","","","Add lock LCK_GESTCU",""
"passed","Fri Mar 28 06:57:57 UTC 2025","Fri Mar 28 06:58:04 UTC 2025","7778","","u-flow-call-function","","","","Open function ""GESALH"" using leftlist selection",""
"passed","Fri Mar 28 07:02:33 UTC 2025","Fri Mar 28 07:02:35 UTC 2025","1961","","u-flow-gesaoe-add-insert-field","","","","Log out",""
"passed","Fri Mar 28 06:48:54 UTC 2025","Fri Mar 28 06:49:07 UTC 2025","12248","","u-flow-api-gesawm-gesanodeb","","","","Create data model",""
"passed","Fri Mar 28 06:32:50 UTC 2025","Fri Mar 28 06:32:52 UTC 2025","2029","","u-flow-api-data-model-link","","","","Delete package ""TEST_DATA_MODEL_1""",""
"passed","Fri Mar 28 06:08:08 UTC 2025","Fri Mar 28 06:08:19 UTC 2025","10952","","u-crud-attach-file-secure","","","","Modify text",""
"passed","Fri Mar 28 06:03:37 UTC 2025","Fri Mar 28 06:03:48 UTC 2025","10562","","u-crud-areadlog-archive-refresh-batch","","","","Log in",""
"passed","Fri Mar 28 06:55:40 UTC 2025","Fri Mar 28 06:55:50 UTC 2025","9839","","u-flow-call-function","","","","Open function ""GESATY"" and validate",""
"passed","Fri Mar 28 06:06:19 UTC 2025","Fri Mar 28 06:06:20 UTC 2025","1133","","u-crud-attach-file-not-secure","","","","Attach file ""[ATT]/AAMSK.pdf""",""
"passed","Fri Mar 28 06:26:43 UTC 2025","Fri Mar 28 06:26:49 UTC 2025","6275","","u-crud-script-orareq2","","","","Log in",""
"passed","Fri Mar 28 06:13:06 UTC 2025","Fri Mar 28 06:13:17 UTC 2025","10429","","u-crud-gesaus","","","","Delete the record",""
"passed","Fri Mar 28 06:04:59 UTC 2025","Fri Mar 28 06:05:06 UTC 2025","6500","","u-crud-areadlog","","","","Open the content of the log file",""
"passed","Fri Mar 28 05:57:31 UTC 2025","Fri Mar 28 05:57:32 UTC 2025","1132","","upre-flow-set-presetting-parameters","","","","Save parameter for loginUser",""
"passed","Fri Mar 28 07:08:57 UTC 2025","Fri Mar 28 07:09:10 UTC 2025","13365","","u-flow-performance-page-criteria","","","","Execute AIOBENCH and criteria",""
"passed","Fri Mar 28 07:12:51 UTC 2025","Fri Mar 28 07:12:56 UTC 2025","5900","","u-flow-upload-to-attsto","","","","X3 Connection",""
"passed","Fri Mar 28 06:32:52 UTC 2025","Fri Mar 28 06:32:53 UTC 2025","1074","","u-flow-api-data-model-link","","","","Close page and log out",""
"passed","Fri Mar 28 07:20:28 UTC 2025","Fri Mar 28 07:20:44 UTC 2025","16886","","w-flow-receipts-addressing-storing-001","","","","5-Retrieve Direct Inputs number and mvt number",""
"passed","Fri Mar 28 06:07:03 UTC 2025","Fri Mar 28 06:07:08 UTC 2025","4402","","u-crud-attach-file-not-secure","","","","Delete file ""AASoapAndREST.txt""",""
"skipped","Fri Mar 28 07:06:58 UTC 2025","Fri Mar 28 07:06:58 UTC 2025","1","","u-flow-patch-a-view","","","","Log out",""
"passed","Fri Mar 28 06:16:01 UTC 2025","Fri Mar 28 06:16:09 UTC 2025","8085","","u-crud-groups-of-tasks","","","","Create the Tasks ""ZUNITESTU4""",""
"passed","Fri Mar 28 07:11:29 UTC 2025","Fri Mar 28 07:11:35 UTC 2025","6093","","u-flow-upload-file-classic-page","","","","Copy to another folder",""
"passed","Fri Mar 28 06:43:34 UTC 2025","Fri Mar 28 06:43:47 UTC 2025","12769","","u-flow-api-gesapiope","","","","Create data model",""
"passed","Fri Mar 28 06:41:51 UTC 2025","Fri Mar 28 06:42:07 UTC 2025","16217","","u-flow-api-gesapiope-class","","","","Add-transient-node-to-operation",""
"passed","Fri Mar 28 07:12:30 UTC 2025","Fri Mar 28 07:12:46 UTC 2025","15301","","u-flow-upload-file-non-classic-page","","","","Delete uploaded items",""
"passed","Fri Mar 28 07:06:18 UTC 2025","Fri Mar 28 07:06:18 UTC 2025","204","","u-flow-patch-a-view","","","","Add lock LCK_GESAVW",""
"passed","Fri Mar 28 06:48:40 UTC 2025","Fri Mar 28 06:48:43 UTC 2025","3743","","u-flow-api-gesawm-gesanodeb","","","","Create test packages",""
"passed","Fri Mar 28 06:35:49 UTC 2025","Fri Mar 28 06:35:51 UTC 2025","2220","","u-flow-api-gesapack","","","","Delete package ""testlink_gesapack""",""
"passed","Fri Mar 28 07:18:44 UTC 2025","Fri Mar 28 07:18:45 UTC 2025","857","","w-flow-hp-count-001","","","","19-logs-out from the system",""
"passed","Fri Mar 28 07:11:19 UTC 2025","Fri Mar 28 07:11:20 UTC 2025","203","","u-flow-upload-file-classic-page","","","","Add lock ATT",""
"passed","Fri Mar 28 07:21:07 UTC 2025","Fri Mar 28 07:21:16 UTC 2025","9494","","w-flow-receipts-addressing-storing-001","","","","10-Check on location AA002 Stock is empty",""
"passed","Fri Mar 28 06:10:09 UTC 2025","Fri Mar 28 06:10:12 UTC 2025","2527","","u-crud-country-eori","","","","Close page",""
"passed","Fri Mar 28 07:05:38 UTC 2025","Fri Mar 28 07:05:51 UTC 2025","12379","","u-flow-patch-a-folder","","","","Delete patch",""
"passed","Fri Mar 28 06:20:32 UTC 2025","Fri Mar 28 06:20:34 UTC 2025","2038","","u-crud-groups-of-tasks","","","","Delete the tasks ""ZUNITESTU3""",""
"passed","Fri Mar 28 06:47:18 UTC 2025","Fri Mar 28 06:47:25 UTC 2025","6594","","u-flow-api-gesapiope","","","","Check operation override usage",""
"passed","Fri Mar 28 06:29:47 UTC 2025","Fri Mar 28 06:29:57 UTC 2025","10652","","u-flow-api-activity-codes-package-link","","","","Create package ""TEST_ACTIVITY_CODE_2""",""
"passed","Fri Mar 28 06:17:30 UTC 2025","Fri Mar 28 06:17:40 UTC 2025","10481","","u-crud-groups-of-tasks","","","","Create tasks for group ZGROUPU with Sequence ""10"" and Task code ""ZUNITESTU4""",""
"passed","Fri Mar 28 06:48:00 UTC 2025","Fri Mar 28 06:48:09 UTC 2025","8484","","u-flow-api-gesapiope","","","","Delete ""GESASU"" ""APIOPE_TEST_GESAPIOPE_2""",""
"passed","Fri Mar 28 06:40:01 UTC 2025","Fri Mar 28 06:41:04 UTC 2025","63132","","u-flow-api-gesapiope-class","","","","Change-class-properties-for-both-operations-""CLASS_TEST_OPE2""",""
"skipped","Fri Mar 28 07:03:27 UTC 2025","Fri Mar 28 07:03:27 UTC 2025","2","","u-flow-log-levels","","","","Delete log for log level 64 LOG_LDAP",""
"passed","Fri Mar 28 07:13:48 UTC 2025","Fri Mar 28 07:13:55 UTC 2025","6418","","u-flow-upload-to-attsto","","","","Delete file from table",""
"passed","Fri Mar 28 06:06:26 UTC 2025","Fri Mar 28 06:06:26 UTC 2025","655","","u-crud-attach-file-not-secure","","","","Close page",""
"passed","Fri Mar 28 06:42:34 UTC 2025","Fri Mar 28 06:42:43 UTC 2025","8652","","u-flow-api-gesapiope-class","","","","Delete-""GESAPIOPE""-""CLASS_TEST_OPE1""",""
"passed","Fri Mar 28 07:10:51 UTC 2025","Fri Mar 28 07:11:09 UTC 2025","18112","","u-flow-print-server","","","","Print TABCOUNTRY table in PREVISU mode",""
"passed","Fri Mar 28 07:17:08 UTC 2025","Fri Mar 28 07:17:31 UTC 2025","22612","","w-flow-hp-count-001","","","","9-control via  Counts-GESSKC-",""
"passed","Fri Mar 28 06:29:20 UTC 2025","Fri Mar 28 06:29:22 UTC 2025","1970","","u-crud-views","","","","Log out",""
"passed","Fri Mar 28 06:17:40 UTC 2025","Fri Mar 28 06:17:51 UTC 2025","10766","","u-crud-groups-of-tasks","","","","Create tasks for group ZGROUPU with Sequence ""12"" and Task code """"",""
"passed","Fri Mar 28 06:33:14 UTC 2025","Fri Mar 28 06:33:25 UTC 2025","10347","","u-flow-api-gesaenumb","","","","Test locked fields",""
"passed","Fri Mar 28 06:16:09 UTC 2025","Fri Mar 28 06:16:17 UTC 2025","7881","","u-crud-groups-of-tasks","","","","Create the Tasks ""ZUNITESTUE""",""
"passed","Fri Mar 28 07:01:27 UTC 2025","Fri Mar 28 07:01:32 UTC 2025","5428","","u-flow-change-language","","","","Change language to French",""
"skipped","Fri Mar 28 07:06:58 UTC 2025","Fri Mar 28 07:06:58 UTC 2025","2","","u-flow-patch-a-view","","","","Create patch for duplicated views",""
"skipped","Fri Mar 28 07:03:27 UTC 2025","Fri Mar 28 07:03:27 UTC 2025","2","","u-flow-log-levels","","","","Create Session log for level 4096 LOG_FILES",""
"passed","Fri Mar 28 07:13:58 UTC 2025","Fri Mar 28 07:14:01 UTC 2025","3352","","u-flow-upload-to-attsto","","","","Delete attached file ""[ATTSTO]/AAMSK.pdf"" from table",""
"passed","Fri Mar 28 06:55:50 UTC 2025","Fri Mar 28 06:55:58 UTC 2025","8270","","u-flow-call-function","","","","Open function ""GESAPR"" and validate",""
"passed","Fri Mar 28 06:09:06 UTC 2025","Fri Mar 28 06:09:23 UTC 2025","16426","","u-crud-attach-file-secure","","","","Set ATTSECUR to No",""
"passed","Fri Mar 28 07:13:47 UTC 2025","Fri Mar 28 07:13:48 UTC 2025","712","","u-flow-upload-to-attsto","","","","Close page",""
"passed","Fri Mar 28 06:08:04 UTC 2025","Fri Mar 28 06:08:07 UTC 2025","3229","","u-crud-attach-file-secure","","","","Create Text by button",""
"skipped","Fri Mar 28 07:03:27 UTC 2025","Fri Mar 28 07:03:27 UTC 2025","1","","u-flow-log-levels","","","","Delete log for log level 512 LOG_DBUG",""
"passed","Fri Mar 28 06:42:13 UTC 2025","Fri Mar 28 06:42:25 UTC 2025","12331","","u-flow-api-gesapiope-class","","","","Delete-manual-node-bindings",""
"passed","Fri Mar 28 06:06:55 UTC 2025","Fri Mar 28 06:06:59 UTC 2025","4311","","u-crud-attach-file-not-secure","","","","Delete file ""AAMSK.pdf""",""
"passed","Fri Mar 28 06:43:10 UTC 2025","Fri Mar 28 06:43:11 UTC 2025","999","","u-flow-api-gesapiope-class","","","","Remove-lock-and-log-out",""
"passed","Fri Mar 28 07:10:43 UTC 2025","Fri Mar 28 07:10:48 UTC 2025","5089","","u-flow-print-server","","","","Update PREVISU server value",""
"passed","Fri Mar 28 06:08:57 UTC 2025","Fri Mar 28 06:09:01 UTC 2025","4350","","u-crud-attach-file-secure","","","","Delete file ""AAtest.jpg""",""
"passed","Fri Mar 28 07:10:27 UTC 2025","Fri Mar 28 07:10:29 UTC 2025","1976","","u-flow-performance-tests-valdico","","","","Log out",""
"passed","Fri Mar 28 06:24:19 UTC 2025","Fri Mar 28 06:24:26 UTC 2025","7463","","u-crud-mail-server-workflow-mail-attachmend-send-new","","","","Delete Country FRX",""
"passed","Fri Mar 28 06:25:49 UTC 2025","Fri Mar 28 06:26:03 UTC 2025","14530","","u-crud-restwebserv-create","","","","Create Rest WebServ TEST2",""
"passed","Fri Mar 28 06:57:29 UTC 2025","Fri Mar 28 06:57:35 UTC 2025","5833","","u-flow-call-function","","","","Open function ""GESABA"" using leftlist selection",""
"passed","Fri Mar 28 06:34:33 UTC 2025","Fri Mar 28 06:34:42 UTC 2025","9344","","u-flow-api-gesapack","","","","Create package ""TEST_GESAPACK_2""",""
"passed","Fri Mar 28 07:01:57 UTC 2025","Fri Mar 28 07:02:06 UTC 2025","8497","","u-flow-gesaoe-add-insert-field","","","","Execute GESAOE",""
"passed","Fri Mar 28 05:55:17 UTC 2025","Fri Mar 28 05:55:19 UTC 2025","1961","","upre-flow-mail-server-create","","","","Log out",""
"passed","Fri Mar 28 06:23:05 UTC 2025","Fri Mar 28 06:23:13 UTC 2025","8025","","u-crud-mail-server-workflow-mail-attachmend-send-new","","","","Set email for X3 user",""
"passed","Fri Mar 28 07:11:14 UTC 2025","Fri Mar 28 07:11:19 UTC 2025","5806","","u-flow-upload-file-classic-page","","","","X3 Connection",""
"passed","Fri Mar 28 06:30:00 UTC 2025","Fri Mar 28 06:30:10 UTC 2025","9304","","u-flow-api-activity-codes-package-link","","","","Create Activity code ""ZAPIF""",""
"passed","Fri Mar 28 06:51:04 UTC 2025","Fri Mar 28 06:51:11 UTC 2025","6954","","u-flow-api-nodes-based-on-views","","","","Add queries to view",""
"skipped","Fri Mar 28 07:03:27 UTC 2025","Fri Mar 28 07:03:27 UTC 2025","0","","u-flow-log-levels","","","","Log out",""
"passed","Fri Mar 28 06:31:10 UTC 2025","Fri Mar 28 06:31:13 UTC 2025","2746","","u-flow-api-activity-codes-package-link","","","","Delete Activity codes",""
"passed","Fri Mar 28 06:30:31 UTC 2025","Fri Mar 28 06:30:43 UTC 2025","11964","","u-flow-api-activity-codes-package-link","","","","Test access to grid for non adonix user",""
"passed","Fri Mar 28 05:59:47 UTC 2025","Fri Mar 28 06:00:45 UTC 2025","58556","","wpre-flow-initiating-site-depositor","","","","Set Site and Depositor values",""
"passed","Fri Mar 28 07:00:26 UTC 2025","Fri Mar 28 07:00:32 UTC 2025","5434","","u-flow-call-function","","","","Open function ""GESADP""",""
"passed","Fri Mar 28 06:23:00 UTC 2025","Fri Mar 28 06:23:05 UTC 2025","5107","","u-crud-mail-server-workflow-mail-attachmend-send-new","","","","Store X3 user name",""
"passed","Fri Mar 28 07:02:24 UTC 2025","Fri Mar 28 07:02:33 UTC 2025","9000","","u-flow-gesaoe-add-insert-field","","","","Add field Without Save",""
"passed","Fri Mar 28 07:18:48 UTC 2025","Fri Mar 28 07:18:54 UTC 2025","5921","","w-flow-receipts-addressing-storing-001","","","","Login scenario",""
"skipped","Fri Mar 28 07:03:27 UTC 2025","Fri Mar 28 07:03:27 UTC 2025","0","","u-flow-log-levels","","","","Delete log for log level 16 LOG_JSON",""
"passed","Fri Mar 28 06:35:02 UTC 2025","Fri Mar 28 06:35:17 UTC 2025","14962","","u-flow-api-gesapack","","","","Test package link",""
"passed","Fri Mar 28 07:00:41 UTC 2025","Fri Mar 28 07:00:45 UTC 2025","4169","","u-flow-call-function","","","","Open function ""GESAPACK""",""
"passed","Fri Mar 28 06:17:02 UTC 2025","Fri Mar 28 06:17:12 UTC 2025","10718","","u-crud-groups-of-tasks","","","","Create tasks for group ZSUBGRPU with Sequence ""12"" and Task code ""ZUNITESTU5""",""
"passed","Fri Mar 28 05:57:37 UTC 2025","Fri Mar 28 05:57:54 UTC 2025","16671","","upre-flow-set-presetting-parameters","","","","Set parameter ""AECLIDBGTR"" for loginUserRoot",""
"passed","Fri Mar 28 07:19:56 UTC 2025","Fri Mar 28 07:20:28 UTC 2025","31664","","w-flow-receipts-addressing-storing-001","","","","4-Receipts validation,validation by the ""Validate"" button ""Drip and drop""",""
"passed","Fri Mar 28 07:18:15 UTC 2025","Fri Mar 28 07:18:44 UTC 2025","28655","","w-flow-hp-count-001","","","","18-Verify that the inventory is finished on the product ""C150221""",""
"passed","Fri Mar 28 06:23:58 UTC 2025","Fri Mar 28 06:24:09 UTC 2025","11030","","u-crud-mail-server-workflow-mail-attachmend-send-new","","","","Send mail by create - duplicate GESTCY FR to FRX",""
"passed","Fri Mar 28 06:16:25 UTC 2025","Fri Mar 28 06:16:33 UTC 2025","8033","","u-crud-groups-of-tasks","","","","Create the Tasks ""ZUNITESTU3""",""
"passed","Fri Mar 28 06:44:44 UTC 2025","Fri Mar 28 06:44:52 UTC 2025","7743","","u-flow-api-gesapiope","","","","Create script for operation ""APIOPE_TEST_GESAPIOPE_2""",""
"skipped","Fri Mar 28 07:03:27 UTC 2025","Fri Mar 28 07:03:27 UTC 2025","3","","u-flow-log-levels","","","","Create Session log for level 8192 LOG_MEMORY",""
"passed","Fri Mar 28 06:14:53 UTC 2025","Fri Mar 28 06:15:05 UTC 2025","11994","","u-crud-gestcy","","","","Update the record",""
"passed","Fri Mar 28 07:15:13 UTC 2025","Fri Mar 28 07:15:29 UTC 2025","16181","","w-crud-gescas","","","","Create Assignment classes site",""
"passed","Fri Mar 28 06:46:19 UTC 2025","Fri Mar 28 06:47:18 UTC 2025","59663","","u-flow-api-gesapiope","","","","Operation override",""
"skipped","Fri Mar 28 07:03:27 UTC 2025","Fri Mar 28 07:03:27 UTC 2025","0","","u-flow-log-levels","","","","Delete log for log level 8 LOG_SQL1",""
"passed","Fri Mar 28 07:08:19 UTC 2025","Fri Mar 28 07:08:21 UTC 2025","1979","","u-flow-patch-create-integration","","","","Log out as ""param:loginUserName""",""
"passed","Fri Mar 28 06:59:22 UTC 2025","Fri Mar 28 06:59:28 UTC 2025","5301","","u-flow-call-function","","","","Open function ""GESADI"" using leftlist selection",""
"skipped","Fri Mar 28 07:03:27 UTC 2025","Fri Mar 28 07:03:27 UTC 2025","1","","u-flow-log-levels","","","","Delete log for log level 4096 LOG_FILES",""
"passed","Fri Mar 28 06:00:56 UTC 2025","Fri Mar 28 06:00:59 UTC 2025","2806","","wpre-flow-initiating-site-depositor","","","","Check Site and Depositor values",""
"skipped","Fri Mar 28 07:03:27 UTC 2025","Fri Mar 28 07:03:27 UTC 2025","0","","u-flow-log-levels","","","","Delete log for log level 1024 LOG_SYSC",""
"passed","Fri Mar 28 07:14:01 UTC 2025","Fri Mar 28 07:14:05 UTC 2025","3393","","u-flow-upload-to-attsto","","","","Delete attached file ""[ATTSTO]/AAtest.jpg"" from table",""
"passed","Fri Mar 28 07:12:46 UTC 2025","Fri Mar 28 07:12:46 UTC 2025","211","","u-flow-upload-file-non-classic-page","","","","Remove lock LCK_ATT",""
"passed","Fri Mar 28 07:19:21 UTC 2025","Fri Mar 28 07:19:47 UTC 2025","26516","","w-flow-receipts-addressing-storing-001","","","","2-Create Expected inputs on Producte  AZ150620 (UUC)",""
"passed","Fri Mar 28 06:46:13 UTC 2025","Fri Mar 28 06:46:19 UTC 2025","5948","","u-flow-api-gesapiope","","","","Data model used in an Operation",""
"passed","Fri Mar 28 06:29:25 UTC 2025","Fri Mar 28 06:29:31 UTC 2025","5725","","u-flow-api-activity-codes-package-link","","","","Login scenario",""
"passed","Fri Mar 28 06:27:44 UTC 2025","Fri Mar 28 06:27:45 UTC 2025","753","","u-crud-script-orareq2","","","","Log out",""
"passed","Fri Mar 28 07:01:50 UTC 2025","Fri Mar 28 07:01:57 UTC 2025","7376","","u-flow-gesaoe-add-insert-field","","","","Log in",""
"passed","Fri Mar 28 06:31:31 UTC 2025","Fri Mar 28 06:31:37 UTC 2025","5855","","u-flow-api-data-model-link","","","","Login scenario",""
"passed","Fri Mar 28 07:14:24 UTC 2025","Fri Mar 28 07:14:28 UTC 2025","4281","","u-flow-upload-to-attsto","","","","Delete file ""AASoapAndREST.txt""",""
"passed","Fri Mar 28 06:03:32 UTC 2025","Fri Mar 28 06:03:34 UTC 2025","1949","","u-crud-activitycode","","","","Log out",""
"passed","Fri Mar 28 06:41:04 UTC 2025","Fri Mar 28 06:41:18 UTC 2025","13243","","u-flow-api-gesapiope-class","","","","Check-CRUD-Checkboxes-in-Classes",""
"skipped","Fri Mar 28 06:55:31 UTC 2025","Fri Mar 28 06:55:31 UTC 2025","1","","u-flow-api-nodes-based-on-views","","","","Delete view ZAVVTEXTRA",""
"passed","Fri Mar 28 06:59:53 UTC 2025","Fri Mar 28 06:59:57 UTC 2025","3901","","u-flow-call-function","","","","Open function ""GESABT""",""
"passed","Fri Mar 28 06:13:47 UTC 2025","Fri Mar 28 06:13:50 UTC 2025","3428","","u-crud-gesawi","","","","Fill table Tabs ""AWI1""",""
"skipped","Fri Mar 28 07:03:27 UTC 2025","Fri Mar 28 07:03:27 UTC 2025","0","","u-flow-log-levels","","","","Delete log for log level 2048 LOG_X3SM",""
"passed","Fri Mar 28 06:38:06 UTC 2025","Fri Mar 28 06:38:35 UTC 2025","29682","","u-flow-api-gesapiope-class","","","","Create-operation-pass",""
"skipped","Fri Mar 28 07:03:27 UTC 2025","Fri Mar 28 07:03:27 UTC 2025","2","","u-flow-log-levels","","","","Create Session log for level 64 LOG_LDAP",""
"passed","Fri Mar 28 06:41:18 UTC 2025","Fri Mar 28 06:41:28 UTC 2025","10749","","u-flow-api-gesapiope-class","","","","Check-operation-was-successful",""
"passed","Fri Mar 28 06:57:12 UTC 2025","Fri Mar 28 06:57:18 UTC 2025","5751","","u-flow-call-function","","","","Open function ""GESAFC"" using leftlist selection",""
"passed","Fri Mar 28 07:02:38 UTC 2025","Fri Mar 28 07:02:44 UTC 2025","5818","","u-flow-log-levels","","","","Login scenario",""
"passed","Fri Mar 28 07:20:54 UTC 2025","Fri Mar 28 07:20:54 UTC 2025","203","","w-flow-receipts-addressing-storing-001","","","","7-Locking function VALSTL",""
"passed","Fri Mar 28 06:11:14 UTC 2025","Fri Mar 28 06:11:28 UTC 2025","14333","","u-crud-gesatb","","","","Update the ZABANK record - Index section",""
"passed","Fri Mar 28 06:13:27 UTC 2025","Fri Mar 28 06:13:47 UTC 2025","19677","","u-crud-gesawi","","","","Enter values in section Screen",""
"passed","Fri Mar 28 06:33:53 UTC 2025","Fri Mar 28 06:33:54 UTC 2025","661","","u-flow-api-gesaenumb","","","","Save and Close the function",""
"passed","Fri Mar 28 05:58:41 UTC 2025","Fri Mar 28 05:58:42 UTC 2025","817","","upre-flow-set-presetting-parameters","","","","Logout",""
"passed","Fri Mar 28 06:27:55 UTC 2025","Fri Mar 28 06:28:21 UTC 2025","26486","","u-crud-script-orareq3","","","","Execute QLFCUC_SQL03",""
"passed","Fri Mar 28 06:57:35 UTC 2025","Fri Mar 28 06:57:40 UTC 2025","5035","","u-flow-call-function","","","","Open function ""GESACN"" using leftlist selection",""
"passed","Fri Mar 28 06:31:05 UTC 2025","Fri Mar 28 06:31:08 UTC 2025","2351","","u-flow-api-activity-codes-package-link","","","","Delete package ""TEST_ACTIVITY_CODE_1""",""
"passed","Fri Mar 28 06:56:24 UTC 2025","Fri Mar 28 06:56:30 UTC 2025","6130","","u-flow-call-function","","","","Open function ""GESADV"" and validate with confirm",""
"passed","Fri Mar 28 06:24:09 UTC 2025","Fri Mar 28 06:24:19 UTC 2025","9432","","u-crud-mail-server-workflow-mail-attachmend-send-new","","","","Send mail by Modify FRX",""
"passed","Fri Mar 28 06:09:06 UTC 2025","Fri Mar 28 06:09:06 UTC 2025","205","","u-crud-attach-file-secure","","","","Remove lock LCK_ATT",""
"passed","Fri Mar 28 07:08:50 UTC 2025","Fri Mar 28 07:08:57 UTC 2025","6263","","u-flow-performance-page-criteria","","","","Log in",""
"passed","Fri Mar 28 06:14:10 UTC 2025","Fri Mar 28 06:14:14 UTC 2025","4382","","u-crud-gesawi","","","","Create and validate window",""
"passed","Fri Mar 28 07:05:51 UTC 2025","Fri Mar 28 07:06:07 UTC 2025","16167","","u-flow-patch-a-folder","","","","Delete patch file",""
"passed","Fri Mar 28 07:21:07 UTC 2025","Fri Mar 28 07:21:07 UTC 2025","215","","w-flow-receipts-addressing-storing-001","","","","9-Unlocking function VALSTL",""
"passed","Fri Mar 28 06:03:00 UTC 2025","Fri Mar 28 06:03:04 UTC 2025","3760","","u-crud-activitycode","","","","GESACV",""
"skipped","Fri Mar 28 07:03:27 UTC 2025","Fri Mar 28 07:03:27 UTC 2025","1","","u-flow-log-levels","","","","Create Session log for level 256 LOG_STRT",""
"passed","Fri Mar 28 05:56:01 UTC 2025","Fri Mar 28 05:56:11 UTC 2025","10108","","upre-flow-set-presetting-parameters","","","","Login scenario",""
"passed","Fri Mar 28 06:29:31 UTC 2025","Fri Mar 28 06:29:36 UTC 2025","5037","","u-flow-api-activity-codes-package-link","","","","Create records from scratch",""
"passed","Fri Mar 28 07:00:01 UTC 2025","Fri Mar 28 07:00:05 UTC 2025","4197","","u-flow-call-function","","","","Open function ""GESACM""",""
"passed","Fri Mar 28 06:25:37 UTC 2025","Fri Mar 28 06:25:37 UTC 2025","214","","u-crud-numeric-iso-isonumcod","","","","Remove lock LCK_GESTCU",""
"skipped","Fri Mar 28 07:03:27 UTC 2025","Fri Mar 28 07:03:27 UTC 2025","4","","u-flow-log-levels","","","","Create Session log for level 32 LOG_CLNT",""
"passed","Fri Mar 28 07:02:14 UTC 2025","Fri Mar 28 07:02:24 UTC 2025","9278","","u-flow-gesaoe-add-insert-field","","","","Add all fields Without Save",""
"skipped","Fri Mar 28 07:06:58 UTC 2025","Fri Mar 28 07:06:58 UTC 2025","1","","u-flow-patch-a-view","","","","Delete Views created by the patch",""
"passed","Fri Mar 28 06:16:33 UTC 2025","Fri Mar 28 06:16:41 UTC 2025","7812","","u-crud-groups-of-tasks","","","","Create the scripts for tasks",""
"passed","Fri Mar 28 06:58:04 UTC 2025","Fri Mar 28 06:58:10 UTC 2025","5491","","u-flow-call-function","","","","Open function ""GESALQ"" using leftlist selection",""
"passed","Fri Mar 28 06:56:59 UTC 2025","Fri Mar 28 06:57:06 UTC 2025","7085","","u-flow-call-function","","","","Open function ""GESADO"" using leftlist selection",""
"passed","Fri Mar 28 06:11:42 UTC 2025","Fri Mar 28 06:11:53 UTC 2025","10753","","u-crud-gesatb","","","","Delete the ZABANK record",""
"passed","Fri Mar 28 06:56:30 UTC 2025","Fri Mar 28 06:56:59 UTC 2025","28885","","u-flow-call-function","","","","Open function ""GESASW"" and validate using drop down",""
"passed","Fri Mar 28 07:10:08 UTC 2025","Fri Mar 28 07:10:14 UTC 2025","6302","","u-flow-performance-tests-valdico","","","","Select folder name",""
"passed","Fri Mar 28 05:58:26 UTC 2025","Fri Mar 28 05:58:32 UTC 2025","6119","","upre-flow-set-presetting-parameters","","","","Save parameter for loginUserRoot",""
"passed","Fri Mar 28 06:59:06 UTC 2025","Fri Mar 28 06:59:11 UTC 2025","5147","","u-flow-call-function","","","","Open function ""GESAFT"" using leftlist selection",""
"passed","Fri Mar 28 06:48:28 UTC 2025","Fri Mar 28 06:48:29 UTC 2025","983","","u-flow-api-gesapiope","","","","Close page and log out",""
"passed","Fri Mar 28 06:47:43 UTC 2025","Fri Mar 28 06:47:52 UTC 2025","9349","","u-flow-api-gesapiope","","","","Delete ""GESAWM"" ""API_TEST_GESAPIOPE_1""",""
"passed","Fri Mar 28 06:18:22 UTC 2025","Fri Mar 28 06:18:35 UTC 2025","13393","","u-crud-groups-of-tasks","","","","Adding group to the table",""
"passed","Fri Mar 28 07:21:16 UTC 2025","Fri Mar 28 07:21:17 UTC 2025","847","","w-flow-receipts-addressing-storing-001","","","","11-logs-out from the system",""
